question_id,permutation_idx,prob_A,prob_B,prob_C,prob_D,predicted_answer,correct_position,correct_answer,model,confident,temperature,agent_1_ans,agent_2_ans,agent_3_ans
q1,0,0.0,0.0,1.0,0.0,C,C,C,Qwen/Qwen2.5-3B-Instruct,1,0.7,C,C,C
q1,1,0.0,0.6666666666666666,0.0,0.3333333333333333,B,B,C,Qwen/Qwen2.5-3B-Instruct,1,0.7,C,C,C
q1,2,1.0,0.0,0.0,0.0,A,A,C,Qwen/Qwen2.5-3B-Instruct,1,0.7,C,C,C
q1,3,0.0,0.0,0.0,1.0,D,D,C,Qwen/Qwen2.5-3B-Instruct,1,0.7,C,C,C
q2,0,1.0,0.0,0.0,0.0,A,A,A,Qwen/Qwen2.5-3B-Instruct,1,0.7,A,A,A
q2,1,0.3333333333333333,0.0,0.0,0.6666666666666666,D,D,A,Qwen/Qwen2.5-3B-Instruct,1,0.7,A,A,A
q2,2,0.0,0.0,0.6666666666666666,0.3333333333333333,C,C,A,Qwen/Qwen2.5-3B-Instruct,1,0.7,A,A,A
q2,3,0.3333333333333333,0.6666666666666666,0.0,0.0,B,B,A,Qwen/Qwen2.5-3B-Instruct,1,0.7,A,A,A
q3,0,0.0,0.6666666666666666,0.3333333333333333,0.0,B,B,B,Qwen/Qwen2.5-3B-Instruct,0,0.7,B,C,B
q3,1,0.0,0.3333333333333333,0.0,0.6666666666666666,D,A,B,Qwen/Qwen2.5-3B-Instruct,0,0.7,B,C,B
q3,2,0.0,0.0,0.3333333333333333,0.6666666666666666,D,D,B,Qwen/Qwen2.5-3B-Instruct,0,0.7,B,C,B
q3,3,0.0,0.0,0.3333333333333333,0.6666666666666666,D,C,B,Qwen/Qwen2.5-3B-Instruct,0,0.7,B,C,B
q4,0,0.0,0.0,0.0,1.0,D,D,D,Qwen/Qwen2.5-3B-Instruct,1,0.7,D,D,D
q4,1,0.0,0.0,1.0,0.0,C,C,D,Qwen/Qwen2.5-3B-Instruct,1,0.7,D,D,D
q4,2,0.0,0.6666666666666666,0.0,0.3333333333333333,B,B,D,Qwen/Qwen2.5-3B-Instruct,1,0.7,D,D,D
q4,3,0.6666666666666666,0.0,0.3333333333333333,0.0,A,A,D,Qwen/Qwen2.5-3B-Instruct,1,0.7,D,D,D
q5,0,0.0,0.0,0.0,1.0,D,D,D,Qwen/Qwen2.5-3B-Instruct,1,0.7,D,D,D
q5,1,0.0,0.0,1.0,0.0,C,C,D,Qwen/Qwen2.5-3B-Instruct,1,0.7,D,D,D
q5,2,0.0,1.0,0.0,0.0,B,B,D,Qwen/Qwen2.5-3B-Instruct,1,0.7,D,D,D
q5,3,1.0,0.0,0.0,0.0,A,A,D,Qwen/Qwen2.5-3B-Instruct,1,0.7,D,D,D
q6,0,0.0,0.6666666666666666,0.3333333333333333,0.0,B,B,B,Qwen/Qwen2.5-3B-Instruct,0,0.7,B,C,B
q6,1,0.0,0.3333333333333333,0.0,0.6666666666666666,D,A,B,Qwen/Qwen2.5-3B-Instruct,0,0.7,B,C,B
q6,2,0.0,0.0,0.3333333333333333,0.6666666666666666,D,D,B,Qwen/Qwen2.5-3B-Instruct,0,0.7,B,C,B
q6,3,0.0,0.0,0.6666666666666666,0.3333333333333333,C,C,B,Qwen/Qwen2.5-3B-Instruct,0,0.7,B,C,B
q7,0,0.0,0.6666666666666666,0.0,0.3333333333333333,B,D,D,Qwen/Qwen2.5-3B-Instruct,0,0.7,D,C,B
q7,1,0.0,0.0,0.0,1.0,D,C,D,Qwen/Qwen2.5-3B-Instruct,0,0.7,D,C,B
q7,2,0.0,0.0,0.3333333333333333,0.6666666666666666,D,B,D,Qwen/Qwen2.5-3B-Instruct,0,0.7,D,C,B
q7,3,0.0,0.0,1.0,0.0,C,A,D,Qwen/Qwen2.5-3B-Instruct,0,0.7,D,C,B
q8,0,0.3333333333333333,0.3333333333333333,0.0,0.3333333333333333,B,B,B,Qwen/Qwen2.5-3B-Instruct,0,0.7,B,D,A
q8,1,0.0,0.0,0.0,1.0,D,A,B,Qwen/Qwen2.5-3B-Instruct,0,0.7,B,D,A
q8,2,0.0,0.0,0.6666666666666666,0.3333333333333333,C,D,B,Qwen/Qwen2.5-3B-Instruct,0,0.7,B,D,A
q8,3,0.0,1.0,0.0,0.0,B,C,B,Qwen/Qwen2.5-3B-Instruct,0,0.7,B,D,A
q9,0,0.0,0.6666666666666666,0.0,0.3333333333333333,B,A,A,Qwen/Qwen2.5-3B-Instruct,0,0.7,B,D,B
q9,1,0.3333333333333333,0.0,0.3333333333333333,0.3333333333333333,D,D,A,Qwen/Qwen2.5-3B-Instruct,0,0.7,B,D,B
q9,2,0.0,0.0,0.0,1.0,D,C,A,Qwen/Qwen2.5-3B-Instruct,0,0.7,B,D,B
q9,3,0.0,0.0,1.0,0.0,C,B,A,Qwen/Qwen2.5-3B-Instruct,0,0.7,B,D,B
q10,0,0.0,1.0,0.0,0.0,B,C,C,Qwen/Qwen2.5-3B-Instruct,0,0.7,D,B,B
q10,1,0.3333333333333333,0.0,0.3333333333333333,0.3333333333333333,C,B,C,Qwen/Qwen2.5-3B-Instruct,0,0.7,D,B,B
q10,2,0.0,0.6666666666666666,0.0,0.3333333333333333,B,A,C,Qwen/Qwen2.5-3B-Instruct,0,0.7,D,B,B
q10,3,0.0,0.0,1.0,0.0,C,D,C,Qwen/Qwen2.5-3B-Instruct,0,0.7,D,B,B
q11,0,0.0,0.6666666666666666,0.3333333333333333,0.0,B,B,B,Qwen/Qwen2.5-3B-Instruct,0,0.7,B,C,B
q11,1,1.0,0.0,0.0,0.0,A,A,B,Qwen/Qwen2.5-3B-Instruct,0,0.7,B,C,B
q11,2,0.0,0.0,0.0,1.0,D,D,B,Qwen/Qwen2.5-3B-Instruct,0,0.7,B,C,B
q11,3,0.0,0.0,1.0,0.0,C,C,B,Qwen/Qwen2.5-3B-Instruct,0,0.7,B,C,B
q12,0,0.0,0.0,0.3333333333333333,0.6666666666666666,D,D,D,Qwen/Qwen2.5-3B-Instruct,0,0.7,D,C,D
q12,1,0.0,0.0,1.0,0.0,C,C,D,Qwen/Qwen2.5-3B-Instruct,0,0.7,D,C,D
q12,2,0.0,0.6666666666666666,0.3333333333333333,0.0,B,B,D,Qwen/Qwen2.5-3B-Instruct,0,0.7,D,C,D
q12,3,0.6666666666666666,0.0,0.3333333333333333,0.0,A,A,D,Qwen/Qwen2.5-3B-Instruct,0,0.7,D,C,D
q13,0,0.3333333333333333,0.0,0.0,0.6666666666666666,D,A,A,Qwen/Qwen2.5-3B-Instruct,1,0.7,D,D,D
q13,1,0.0,0.0,0.3333333333333333,0.6666666666666666,D,D,A,Qwen/Qwen2.5-3B-Instruct,1,0.7,D,D,D
q13,2,0.0,0.0,1.0,0.0,C,C,A,Qwen/Qwen2.5-3B-Instruct,1,0.7,D,D,D
q13,3,0.3333333333333333,0.6666666666666666,0.0,0.0,B,B,A,Qwen/Qwen2.5-3B-Instruct,1,0.7,D,D,D
q14,0,0.6666666666666666,0.0,0.0,0.3333333333333333,A,A,A,Qwen/Qwen2.5-3B-Instruct,0,0.7,A,D,A
q14,1,0.0,0.0,0.0,1.0,D,D,A,Qwen/Qwen2.5-3B-Instruct,0,0.7,A,D,A
q14,2,0.0,0.0,0.6666666666666666,0.3333333333333333,C,C,A,Qwen/Qwen2.5-3B-Instruct,0,0.7,A,D,A
q14,3,0.0,0.6666666666666666,0.0,0.3333333333333333,B,B,A,Qwen/Qwen2.5-3B-Instruct,0,0.7,A,D,A
q15,0,1.0,0.0,0.0,0.0,A,A,A,Qwen/Qwen2.5-3B-Instruct,1,0.7,A,A,A
q15,1,0.0,0.0,0.0,1.0,D,D,A,Qwen/Qwen2.5-3B-Instruct,1,0.7,A,A,A
q15,2,0.0,0.0,1.0,0.0,C,C,A,Qwen/Qwen2.5-3B-Instruct,1,0.7,A,A,A
q15,3,0.0,1.0,0.0,0.0,B,B,A,Qwen/Qwen2.5-3B-Instruct,1,0.7,A,A,A
q16,0,1.0,0.0,0.0,0.0,A,A,A,Qwen/Qwen2.5-3B-Instruct,1,0.7,A,A,A
q16,1,0.0,0.0,0.0,1.0,D,D,A,Qwen/Qwen2.5-3B-Instruct,1,0.7,A,A,A
q16,2,0.0,0.0,1.0,0.0,C,C,A,Qwen/Qwen2.5-3B-Instruct,1,0.7,A,A,A
q16,3,0.0,1.0,0.0,0.0,B,B,A,Qwen/Qwen2.5-3B-Instruct,1,0.7,A,A,A
q17,0,0.0,1.0,0.0,0.0,B,A,A,Qwen/Qwen2.5-3B-Instruct,1,0.7,B,B,B
q17,1,0.0,0.0,0.0,1.0,D,D,A,Qwen/Qwen2.5-3B-Instruct,1,0.7,B,B,B
q17,2,0.0,0.0,0.3333333333333333,0.6666666666666666,D,C,A,Qwen/Qwen2.5-3B-Instruct,1,0.7,B,B,B
q17,3,0.0,0.3333333333333333,0.6666666666666666,0.0,C,B,A,Qwen/Qwen2.5-3B-Instruct,1,0.7,B,B,B
q18,0,0.0,1.0,0.0,0.0,B,A,A,Qwen/Qwen2.5-3B-Instruct,1,0.7,B,B,B
q18,1,0.6666666666666666,0.0,0.0,0.3333333333333333,A,D,A,Qwen/Qwen2.5-3B-Instruct,1,0.7,B,B,B
q18,2,0.0,0.0,0.0,1.0,D,C,A,Qwen/Qwen2.5-3B-Instruct,1,0.7,B,B,B
q18,3,0.0,0.0,0.6666666666666666,0.3333333333333333,C,B,A,Qwen/Qwen2.5-3B-Instruct,1,0.7,B,B,B
q19,0,0.3333333333333333,0.0,0.6666666666666666,0.0,C,A,A,Qwen/Qwen2.5-3B-Instruct,0,0.7,C,C,A
q19,1,0.0,0.6666666666666666,0.0,0.3333333333333333,B,D,A,Qwen/Qwen2.5-3B-Instruct,0,0.7,C,C,A
q19,2,0.3333333333333333,0.0,0.6666666666666666,0.0,C,C,A,Qwen/Qwen2.5-3B-Instruct,0,0.7,C,C,A
q19,3,0.0,0.3333333333333333,0.0,0.6666666666666666,D,B,A,Qwen/Qwen2.5-3B-Instruct,0,0.7,C,C,A
q20,0,0.3333333333333333,0.0,0.6666666666666666,0.0,C,A,A,Qwen/Qwen2.5-3B-Instruct,0,0.7,C,C,A
q20,1,0.3333333333333333,0.0,0.0,0.6666666666666666,D,D,A,Qwen/Qwen2.5-3B-Instruct,0,0.7,C,C,A
q20,2,0.0,0.0,0.6666666666666666,0.3333333333333333,C,C,A,Qwen/Qwen2.5-3B-Instruct,0,0.7,C,C,A
q20,3,0.0,0.6666666666666666,0.3333333333333333,0.0,B,B,A,Qwen/Qwen2.5-3B-Instruct,0,0.7,C,C,A
q21,0,0.6666666666666666,0.0,0.3333333333333333,0.0,A,C,C,Qwen/Qwen2.5-3B-Instruct,0,0.7,D,C,A
q21,1,0.0,0.0,0.6666666666666666,0.3333333333333333,C,B,C,Qwen/Qwen2.5-3B-Instruct,0,0.7,D,C,A
q21,2,0.0,0.3333333333333333,0.6666666666666666,0.0,C,A,C,Qwen/Qwen2.5-3B-Instruct,0,0.7,D,C,A
q21,3,0.0,0.6666666666666666,0.3333333333333333,0.0,B,D,C,Qwen/Qwen2.5-3B-Instruct,0,0.7,D,C,A
q22,0,0.0,0.3333333333333333,0.6666666666666666,0.0,C,C,C,Qwen/Qwen2.5-3B-Instruct,1,0.7,C,C,C
q22,1,0.0,0.0,0.0,1.0,D,B,C,Qwen/Qwen2.5-3B-Instruct,1,0.7,C,C,C
q22,2,0.0,0.0,0.3333333333333333,0.6666666666666666,D,A,C,Qwen/Qwen2.5-3B-Instruct,1,0.7,C,C,C
q22,3,0.0,0.3333333333333333,0.0,0.6666666666666666,D,D,C,Qwen/Qwen2.5-3B-Instruct,1,0.7,C,C,C
q23,0,0.0,1.0,0.0,0.0,B,B,B,Qwen/Qwen2.5-3B-Instruct,1,0.7,B,B,B
q23,1,0.3333333333333333,0.0,0.3333333333333333,0.3333333333333333,D,A,B,Qwen/Qwen2.5-3B-Instruct,1,0.7,B,B,B
q23,2,0.0,0.0,0.0,1.0,D,D,B,Qwen/Qwen2.5-3B-Instruct,1,0.7,B,B,B
q23,3,0.0,0.0,1.0,0.0,C,C,B,Qwen/Qwen2.5-3B-Instruct,1,0.7,B,B,B
q24,0,0.0,0.0,0.0,1.0,D,D,D,Qwen/Qwen2.5-3B-Instruct,1,0.7,D,D,D
q24,1,0.0,0.0,1.0,0.0,C,C,D,Qwen/Qwen2.5-3B-Instruct,1,0.7,D,D,D
q24,2,0.0,1.0,0.0,0.0,B,B,D,Qwen/Qwen2.5-3B-Instruct,1,0.7,D,D,D
q24,3,0.3333333333333333,0.6666666666666666,0.0,0.0,B,A,D,Qwen/Qwen2.5-3B-Instruct,1,0.7,D,D,D
q25,0,0.0,0.0,1.0,0.0,C,C,C,Qwen/Qwen2.5-3B-Instruct,1,0.7,C,C,C
q25,1,0.0,1.0,0.0,0.0,B,B,C,Qwen/Qwen2.5-3B-Instruct,1,0.7,C,C,C
q25,2,1.0,0.0,0.0,0.0,A,A,C,Qwen/Qwen2.5-3B-Instruct,1,0.7,C,C,C
q25,3,0.0,0.0,0.3333333333333333,0.6666666666666666,D,D,C,Qwen/Qwen2.5-3B-Instruct,1,0.7,C,C,C
q26,0,0.0,0.0,1.0,0.0,C,C,C,Qwen/Qwen2.5-3B-Instruct,1,0.7,C,C,C
q26,1,0.0,0.6666666666666666,0.3333333333333333,0.0,B,B,C,Qwen/Qwen2.5-3B-Instruct,1,0.7,C,C,C
q26,2,0.6666666666666666,0.0,0.3333333333333333,0.0,A,A,C,Qwen/Qwen2.5-3B-Instruct,1,0.7,C,C,C
q26,3,0.0,0.0,0.3333333333333333,0.6666666666666666,D,D,C,Qwen/Qwen2.5-3B-Instruct,1,0.7,C,C,C
q27,0,0.3333333333333333,0.0,0.3333333333333333,0.3333333333333333,D,A,A,Qwen/Qwen2.5-3B-Instruct,0,0.7,D,C,A
q27,1,0.0,0.0,0.0,1.0,D,D,A,Qwen/Qwen2.5-3B-Instruct,0,0.7,D,C,A
q27,2,0.0,0.0,1.0,0.0,C,C,A,Qwen/Qwen2.5-3B-Instruct,0,0.7,D,C,A
q27,3,0.0,0.6666666666666666,0.0,0.3333333333333333,B,B,A,Qwen/Qwen2.5-3B-Instruct,0,0.7,D,C,A
q28,0,0.3333333333333333,0.0,0.0,0.6666666666666666,D,A,A,Qwen/Qwen2.5-3B-Instruct,0,0.7,D,D,A
q28,1,0.0,0.0,0.3333333333333333,0.6666666666666666,D,D,A,Qwen/Qwen2.5-3B-Instruct,0,0.7,D,D,A
q28,2,0.0,0.3333333333333333,0.3333333333333333,0.3333333333333333,D,C,A,Qwen/Qwen2.5-3B-Instruct,0,0.7,D,D,A
q28,3,0.3333333333333333,0.6666666666666666,0.0,0.0,B,B,A,Qwen/Qwen2.5-3B-Instruct,0,0.7,D,D,A
q29,0,0.6666666666666666,0.0,0.3333333333333333,0.0,A,A,A,Qwen/Qwen2.5-3B-Instruct,0,0.7,A,C,A
q29,1,0.0,0.0,0.0,1.0,D,D,A,Qwen/Qwen2.5-3B-Instruct,0,0.7,A,C,A
q29,2,0.0,0.0,1.0,0.0,C,C,A,Qwen/Qwen2.5-3B-Instruct,0,0.7,A,C,A
q29,3,0.0,0.6666666666666666,0.0,0.3333333333333333,B,B,A,Qwen/Qwen2.5-3B-Instruct,0,0.7,A,C,A
q30,0,0.0,1.0,0.0,0.0,B,B,B,Qwen/Qwen2.5-3B-Instruct,1,0.7,B,B,B
q30,1,1.0,0.0,0.0,0.0,A,A,B,Qwen/Qwen2.5-3B-Instruct,1,0.7,B,B,B
q30,2,0.0,0.0,0.0,1.0,D,D,B,Qwen/Qwen2.5-3B-Instruct,1,0.7,B,B,B
q30,3,0.0,0.0,1.0,0.0,C,C,B,Qwen/Qwen2.5-3B-Instruct,1,0.7,B,B,B
q31,0,0.0,0.0,0.0,1.0,D,D,D,Qwen/Qwen2.5-3B-Instruct,0,0.7,D,C,D
q31,1,0.0,0.0,1.0,0.0,C,C,D,Qwen/Qwen2.5-3B-Instruct,0,0.7,D,C,D
q31,2,0.0,1.0,0.0,0.0,B,B,D,Qwen/Qwen2.5-3B-Instruct,0,0.7,D,C,D
q31,3,0.6666666666666666,0.0,0.0,0.3333333333333333,A,A,D,Qwen/Qwen2.5-3B-Instruct,0,0.7,D,C,D
q32,0,0.0,0.0,1.0,0.0,C,C,C,Qwen/Qwen2.5-3B-Instruct,1,0.7,C,C,C
q32,1,0.0,0.6666666666666666,0.0,0.3333333333333333,B,B,C,Qwen/Qwen2.5-3B-Instruct,1,0.7,C,C,C
q32,2,0.3333333333333333,0.0,0.0,0.6666666666666666,D,A,C,Qwen/Qwen2.5-3B-Instruct,1,0.7,C,C,C
q32,3,0.0,0.0,0.3333333333333333,0.6666666666666666,D,D,C,Qwen/Qwen2.5-3B-Instruct,1,0.7,C,C,C
q33,0,0.0,1.0,0.0,0.0,B,B,B,Qwen/Qwen2.5-3B-Instruct,1,0.7,B,B,B
q33,1,1.0,0.0,0.0,0.0,A,A,B,Qwen/Qwen2.5-3B-Instruct,1,0.7,B,B,B
q33,2,0.0,0.0,0.0,1.0,D,D,B,Qwen/Qwen2.5-3B-Instruct,1,0.7,B,B,B
q33,3,0.0,0.0,1.0,0.0,C,C,B,Qwen/Qwen2.5-3B-Instruct,1,0.7,B,B,B
q34,0,1.0,0.0,0.0,0.0,A,A,A,Qwen/Qwen2.5-3B-Instruct,1,0.7,A,A,A
q34,1,0.0,0.0,0.0,1.0,D,D,A,Qwen/Qwen2.5-3B-Instruct,1,0.7,A,A,A
q34,2,0.0,0.0,1.0,0.0,C,C,A,Qwen/Qwen2.5-3B-Instruct,1,0.7,A,A,A
q34,3,0.0,1.0,0.0,0.0,B,B,A,Qwen/Qwen2.5-3B-Instruct,1,0.7,A,A,A
q35,0,0.0,0.0,0.3333333333333333,0.6666666666666666,D,A,A,Qwen/Qwen2.5-3B-Instruct,0,0.7,D,C,D
q35,1,0.0,0.0,0.3333333333333333,0.6666666666666666,D,D,A,Qwen/Qwen2.5-3B-Instruct,0,0.7,D,C,D
q35,2,0.0,0.0,0.0,1.0,D,C,A,Qwen/Qwen2.5-3B-Instruct,0,0.7,D,C,D
q35,3,0.0,0.0,0.0,1.0,D,B,A,Qwen/Qwen2.5-3B-Instruct,0,0.7,D,C,D
q36,0,0.0,0.0,0.6666666666666666,0.3333333333333333,C,A,A,Qwen/Qwen2.5-3B-Instruct,0,0.7,C,D,C
q36,1,0.0,0.6666666666666666,0.0,0.3333333333333333,B,D,A,Qwen/Qwen2.5-3B-Instruct,0,0.7,C,D,C
q36,2,0.3333333333333333,0.0,0.3333333333333333,0.3333333333333333,C,C,A,Qwen/Qwen2.5-3B-Instruct,0,0.7,C,D,C
q36,3,0.0,0.3333333333333333,0.3333333333333333,0.3333333333333333,B,B,A,Qwen/Qwen2.5-3B-Instruct,0,0.7,C,D,C
q37,0,0.6666666666666666,0.3333333333333333,0.0,0.0,A,A,A,Qwen/Qwen2.5-3B-Instruct,0,0.7,A,B,A
q37,1,0.0,0.0,0.0,1.0,D,D,A,Qwen/Qwen2.5-3B-Instruct,0,0.7,A,B,A
q37,2,0.0,0.0,1.0,0.0,C,C,A,Qwen/Qwen2.5-3B-Instruct,0,0.7,A,B,A
q37,3,0.0,0.6666666666666666,0.3333333333333333,0.0,B,B,A,Qwen/Qwen2.5-3B-Instruct,0,0.7,A,B,A
q38,0,0.0,0.0,0.0,1.0,D,D,D,Qwen/Qwen2.5-3B-Instruct,1,0.7,D,D,D
q38,1,0.0,0.0,1.0,0.0,C,C,D,Qwen/Qwen2.5-3B-Instruct,1,0.7,D,D,D
q38,2,0.0,1.0,0.0,0.0,B,B,D,Qwen/Qwen2.5-3B-Instruct,1,0.7,D,D,D
q38,3,0.3333333333333333,0.3333333333333333,0.3333333333333333,0.0,B,A,D,Qwen/Qwen2.5-3B-Instruct,1,0.7,D,D,D
q39,0,0.0,0.6666666666666666,0.0,0.3333333333333333,B,B,B,Qwen/Qwen2.5-3B-Instruct,0,0.7,B,D,B
q39,1,0.3333333333333333,0.0,0.3333333333333333,0.3333333333333333,D,A,B,Qwen/Qwen2.5-3B-Instruct,0,0.7,B,D,B
q39,2,0.0,0.3333333333333333,0.0,0.6666666666666666,D,D,B,Qwen/Qwen2.5-3B-Instruct,0,0.7,B,D,B
q39,3,0.3333333333333333,0.0,0.3333333333333333,0.3333333333333333,D,C,B,Qwen/Qwen2.5-3B-Instruct,0,0.7,B,D,B
q40,0,0.0,0.6666666666666666,0.0,0.3333333333333333,B,D,D,Qwen/Qwen2.5-3B-Instruct,0,0.7,D,B,D
q40,1,0.0,0.0,1.0,0.0,C,C,D,Qwen/Qwen2.5-3B-Instruct,0,0.7,D,B,D
q40,2,0.0,1.0,0.0,0.0,B,B,D,Qwen/Qwen2.5-3B-Instruct,0,0.7,D,B,D
q40,3,0.6666666666666666,0.0,0.3333333333333333,0.0,A,A,D,Qwen/Qwen2.5-3B-Instruct,0,0.7,D,B,D
q41,0,0.6666666666666666,0.0,0.0,0.3333333333333333,A,A,A,Qwen/Qwen2.5-3B-Instruct,0,0.7,A,C,A
q41,1,0.0,0.0,0.0,1.0,D,D,A,Qwen/Qwen2.5-3B-Instruct,0,0.7,A,C,A
q41,2,0.0,0.0,1.0,0.0,C,C,A,Qwen/Qwen2.5-3B-Instruct,0,0.7,A,C,A
q41,3,0.0,1.0,0.0,0.0,B,B,A,Qwen/Qwen2.5-3B-Instruct,0,0.7,A,C,A
q42,0,0.0,0.6666666666666666,0.3333333333333333,0.0,B,B,B,Qwen/Qwen2.5-3B-Instruct,0,0.7,B,C,B
q42,1,1.0,0.0,0.0,0.0,A,A,B,Qwen/Qwen2.5-3B-Instruct,0,0.7,B,C,B
q42,2,0.0,0.0,0.3333333333333333,0.6666666666666666,D,D,B,Qwen/Qwen2.5-3B-Instruct,0,0.7,B,C,B
q42,3,0.0,0.0,1.0,0.0,C,C,B,Qwen/Qwen2.5-3B-Instruct,0,0.7,B,C,B
q43,0,0.0,0.0,1.0,0.0,C,C,C,Qwen/Qwen2.5-3B-Instruct,1,0.7,C,C,C
q43,1,0.0,0.0,0.0,1.0,D,B,C,Qwen/Qwen2.5-3B-Instruct,1,0.7,C,C,C
q43,2,0.0,0.0,1.0,0.0,C,A,C,Qwen/Qwen2.5-3B-Instruct,1,0.7,C,C,C
q43,3,0.0,0.0,0.0,1.0,D,D,C,Qwen/Qwen2.5-3B-Instruct,1,0.7,C,C,C
q44,0,0.0,0.0,0.0,1.0,D,D,D,Qwen/Qwen2.5-3B-Instruct,1,0.7,D,D,D
q44,1,0.0,0.0,1.0,0.0,C,C,D,Qwen/Qwen2.5-3B-Instruct,1,0.7,D,D,D
q44,2,0.0,1.0,0.0,0.0,B,B,D,Qwen/Qwen2.5-3B-Instruct,1,0.7,D,D,D
q44,3,1.0,0.0,0.0,0.0,A,A,D,Qwen/Qwen2.5-3B-Instruct,1,0.7,D,D,D
q45,0,0.6666666666666666,0.0,0.3333333333333333,0.0,A,A,A,Qwen/Qwen2.5-3B-Instruct,0,0.7,C,A,A
q45,1,0.3333333333333333,0.0,0.0,0.6666666666666666,D,D,A,Qwen/Qwen2.5-3B-Instruct,0,0.7,C,A,A
q45,2,0.0,0.0,1.0,0.0,C,C,A,Qwen/Qwen2.5-3B-Instruct,0,0.7,C,A,A
q45,3,0.0,0.3333333333333333,0.0,0.6666666666666666,D,B,A,Qwen/Qwen2.5-3B-Instruct,0,0.7,C,A,A
q46,0,0.0,0.3333333333333333,0.3333333333333333,0.3333333333333333,D,A,A,Qwen/Qwen2.5-3B-Instruct,0,0.7,D,B,C
q46,1,0.0,0.6666666666666666,0.3333333333333333,0.0,B,D,A,Qwen/Qwen2.5-3B-Instruct,0,0.7,D,B,C
q46,2,0.3333333333333333,0.3333333333333333,0.0,0.3333333333333333,D,C,A,Qwen/Qwen2.5-3B-Instruct,0,0.7,D,B,C
q46,3,0.0,0.3333333333333333,0.3333333333333333,0.3333333333333333,B,B,A,Qwen/Qwen2.5-3B-Instruct,0,0.7,D,B,C
q47,0,0.0,1.0,0.0,0.0,B,B,B,Qwen/Qwen2.5-3B-Instruct,1,0.7,B,B,B
q47,1,1.0,0.0,0.0,0.0,A,A,B,Qwen/Qwen2.5-3B-Instruct,1,0.7,B,B,B
q47,2,0.0,0.0,0.3333333333333333,0.6666666666666666,D,D,B,Qwen/Qwen2.5-3B-Instruct,1,0.7,B,B,B
q47,3,0.0,0.0,0.6666666666666666,0.3333333333333333,C,C,B,Qwen/Qwen2.5-3B-Instruct,1,0.7,B,B,B
q48,0,0.0,0.6666666666666666,0.0,0.3333333333333333,B,B,B,Qwen/Qwen2.5-3B-Instruct,0,0.7,B,D,B
q48,1,0.6666666666666666,0.3333333333333333,0.0,0.0,A,A,B,Qwen/Qwen2.5-3B-Instruct,0,0.7,B,D,B
q48,2,0.3333333333333333,0.0,0.0,0.6666666666666666,D,D,B,Qwen/Qwen2.5-3B-Instruct,0,0.7,B,D,B
q48,3,0.0,0.0,0.6666666666666666,0.3333333333333333,C,C,B,Qwen/Qwen2.5-3B-Instruct,0,0.7,B,D,B
q49,0,0.3333333333333333,0.6666666666666666,0.0,0.0,B,D,D,Qwen/Qwen2.5-3B-Instruct,0,0.7,D,B,A
q49,1,0.0,0.3333333333333333,0.0,0.6666666666666666,D,C,D,Qwen/Qwen2.5-3B-Instruct,0,0.7,D,B,A
q49,2,0.0,0.3333333333333333,0.0,0.6666666666666666,D,B,D,Qwen/Qwen2.5-3B-Instruct,0,0.7,D,B,A
q49,3,0.0,0.3333333333333333,0.6666666666666666,0.0,C,A,D,Qwen/Qwen2.5-3B-Instruct,0,0.7,D,B,A
q50,0,0.0,0.0,1.0,0.0,C,C,C,Qwen/Qwen2.5-3B-Instruct,1,0.7,C,C,C
q50,1,0.0,1.0,0.0,0.0,B,B,C,Qwen/Qwen2.5-3B-Instruct,1,0.7,C,C,C
q50,2,0.6666666666666666,0.0,0.0,0.3333333333333333,A,A,C,Qwen/Qwen2.5-3B-Instruct,1,0.7,C,C,C
q50,3,0.0,0.0,0.0,1.0,D,D,C,Qwen/Qwen2.5-3B-Instruct,1,0.7,C,C,C
q51,0,0.0,0.6666666666666666,0.0,0.3333333333333333,B,B,B,Qwen/Qwen2.5-3B-Instruct,0,0.7,B,D,B
q51,1,0.6666666666666666,0.0,0.3333333333333333,0.0,A,A,B,Qwen/Qwen2.5-3B-Instruct,0,0.7,B,D,B
q51,2,0.0,0.0,0.0,1.0,D,D,B,Qwen/Qwen2.5-3B-Instruct,0,0.7,B,D,B
q51,3,0.0,0.0,1.0,0.0,C,C,B,Qwen/Qwen2.5-3B-Instruct,0,0.7,B,D,B
q52,0,0.0,0.6666666666666666,0.0,0.3333333333333333,B,B,B,Qwen/Qwen2.5-3B-Instruct,0,0.7,B,D,B
q52,1,0.3333333333333333,0.0,0.0,0.6666666666666666,D,A,B,Qwen/Qwen2.5-3B-Instruct,0,0.7,B,D,B
q52,2,0.0,0.0,0.3333333333333333,0.6666666666666666,D,D,B,Qwen/Qwen2.5-3B-Instruct,0,0.7,B,D,B
q52,3,0.0,0.0,1.0,0.0,C,C,B,Qwen/Qwen2.5-3B-Instruct,0,0.7,B,D,B
q53,0,0.0,0.0,1.0,0.0,C,B,B,Qwen/Qwen2.5-3B-Instruct,1,0.7,C,C,C
q53,1,0.0,1.0,0.0,0.0,B,A,B,Qwen/Qwen2.5-3B-Instruct,1,0.7,C,C,C
q53,2,1.0,0.0,0.0,0.0,A,D,B,Qwen/Qwen2.5-3B-Instruct,1,0.7,C,C,C
q53,3,0.0,0.3333333333333333,0.0,0.6666666666666666,D,C,B,Qwen/Qwen2.5-3B-Instruct,1,0.7,C,C,C
q54,0,0.0,0.0,0.6666666666666666,0.3333333333333333,C,C,C,Qwen/Qwen2.5-3B-Instruct,0,0.7,C,D,C
q54,1,0.0,1.0,0.0,0.0,B,B,C,Qwen/Qwen2.5-3B-Instruct,0,0.7,C,D,C
q54,2,0.6666666666666666,0.0,0.3333333333333333,0.0,A,A,C,Qwen/Qwen2.5-3B-Instruct,0,0.7,C,D,C
q54,3,0.0,0.0,0.0,1.0,D,D,C,Qwen/Qwen2.5-3B-Instruct,0,0.7,C,D,C
q55,0,0.0,1.0,0.0,0.0,B,A,A,Qwen/Qwen2.5-3B-Instruct,1,0.7,B,B,B
q55,1,1.0,0.0,0.0,0.0,A,D,A,Qwen/Qwen2.5-3B-Instruct,1,0.7,B,B,B
q55,2,0.0,0.0,0.0,1.0,D,C,A,Qwen/Qwen2.5-3B-Instruct,1,0.7,B,B,B
q55,3,0.0,0.0,1.0,0.0,C,B,A,Qwen/Qwen2.5-3B-Instruct,1,0.7,B,B,B
q56,0,0.3333333333333333,0.0,0.3333333333333333,0.3333333333333333,C,C,C,Qwen/Qwen2.5-3B-Instruct,0,0.7,C,D,A
q56,1,0.0,0.6666666666666666,0.3333333333333333,0.0,B,B,C,Qwen/Qwen2.5-3B-Instruct,0,0.7,C,D,A
q56,2,0.6666666666666666,0.0,0.0,0.3333333333333333,A,A,C,Qwen/Qwen2.5-3B-Instruct,0,0.7,C,D,A
q56,3,0.0,0.6666666666666666,0.3333333333333333,0.0,B,D,C,Qwen/Qwen2.5-3B-Instruct,0,0.7,C,D,A
q57,0,0.0,0.6666666666666666,0.3333333333333333,0.0,B,B,B,Qwen/Qwen2.5-3B-Instruct,0,0.7,B,C,B
q57,1,1.0,0.0,0.0,0.0,A,A,B,Qwen/Qwen2.5-3B-Instruct,0,0.7,B,C,B
q57,2,0.0,0.0,0.0,1.0,D,D,B,Qwen/Qwen2.5-3B-Instruct,0,0.7,B,C,B
q57,3,0.0,0.0,1.0,0.0,C,C,B,Qwen/Qwen2.5-3B-Instruct,0,0.7,B,C,B
q58,0,0.0,0.3333333333333333,0.6666666666666666,0.0,C,C,C,Qwen/Qwen2.5-3B-Instruct,0,0.7,B,C,C
q58,1,0.0,1.0,0.0,0.0,B,B,C,Qwen/Qwen2.5-3B-Instruct,0,0.7,B,C,C
q58,2,0.3333333333333333,0.0,0.3333333333333333,0.3333333333333333,D,A,C,Qwen/Qwen2.5-3B-Instruct,0,0.7,B,C,C
q58,3,0.0,0.0,0.0,1.0,D,D,C,Qwen/Qwen2.5-3B-Instruct,0,0.7,B,C,C
q59,0,0.0,1.0,0.0,0.0,B,B,B,Qwen/Qwen2.5-3B-Instruct,1,0.7,B,B,B
q59,1,0.0,0.0,0.0,1.0,D,A,B,Qwen/Qwen2.5-3B-Instruct,1,0.7,B,B,B
q59,2,0.0,0.0,0.0,1.0,D,D,B,Qwen/Qwen2.5-3B-Instruct,1,0.7,B,B,B
q59,3,0.0,0.0,1.0,0.0,C,C,B,Qwen/Qwen2.5-3B-Instruct,1,0.7,B,B,B
q60,0,0.0,1.0,0.0,0.0,B,B,B,Qwen/Qwen2.5-3B-Instruct,1,0.7,B,B,B
q60,1,1.0,0.0,0.0,0.0,A,A,B,Qwen/Qwen2.5-3B-Instruct,1,0.7,B,B,B
q60,2,0.0,0.0,0.0,1.0,D,D,B,Qwen/Qwen2.5-3B-Instruct,1,0.7,B,B,B
q60,3,0.0,0.0,1.0,0.0,C,C,B,Qwen/Qwen2.5-3B-Instruct,1,0.7,B,B,B
q61,0,0.0,0.3333333333333333,0.6666666666666666,0.0,C,B,B,Qwen/Qwen2.5-3B-Instruct,0,0.7,C,C,B
q61,1,0.0,0.6666666666666666,0.0,0.3333333333333333,B,A,B,Qwen/Qwen2.5-3B-Instruct,0,0.7,C,C,B
q61,2,0.3333333333333333,0.0,0.0,0.6666666666666666,D,D,B,Qwen/Qwen2.5-3B-Instruct,0,0.7,C,C,B
q61,3,0.0,0.0,0.0,1.0,D,C,B,Qwen/Qwen2.5-3B-Instruct,0,0.7,C,C,B
q62,0,0.0,0.0,1.0,0.0,C,C,C,Qwen/Qwen2.5-3B-Instruct,0,0.7,D,C,C
q62,1,0.0,0.3333333333333333,0.3333333333333333,0.3333333333333333,D,B,C,Qwen/Qwen2.5-3B-Instruct,0,0.7,D,C,C
q62,2,0.3333333333333333,0.0,0.3333333333333333,0.3333333333333333,C,A,C,Qwen/Qwen2.5-3B-Instruct,0,0.7,D,C,C
q62,3,0.0,0.3333333333333333,0.0,0.6666666666666666,D,D,C,Qwen/Qwen2.5-3B-Instruct,0,0.7,D,C,C
q63,0,0.0,0.0,0.0,1.0,D,D,D,Qwen/Qwen2.5-3B-Instruct,1,0.7,D,D,D
q63,1,0.0,0.0,1.0,0.0,C,C,D,Qwen/Qwen2.5-3B-Instruct,1,0.7,D,D,D
q63,2,0.0,1.0,0.0,0.0,B,B,D,Qwen/Qwen2.5-3B-Instruct,1,0.7,D,D,D
q63,3,0.6666666666666666,0.0,0.0,0.3333333333333333,A,A,D,Qwen/Qwen2.5-3B-Instruct,1,0.7,D,D,D
q64,0,0.0,0.0,0.6666666666666666,0.3333333333333333,C,C,C,Qwen/Qwen2.5-3B-Instruct,0,0.7,C,D,C
q64,1,0.0,1.0,0.0,0.0,B,B,C,Qwen/Qwen2.5-3B-Instruct,0,0.7,C,D,C
q64,2,0.6666666666666666,0.0,0.0,0.3333333333333333,A,A,C,Qwen/Qwen2.5-3B-Instruct,0,0.7,C,D,C
q64,3,0.0,0.0,0.3333333333333333,0.6666666666666666,D,D,C,Qwen/Qwen2.5-3B-Instruct,0,0.7,C,D,C
q65,0,0.0,0.0,0.0,1.0,D,D,D,Qwen/Qwen2.5-3B-Instruct,1,0.7,D,D,D
q65,1,0.0,0.0,0.3333333333333333,0.6666666666666666,D,C,D,Qwen/Qwen2.5-3B-Instruct,1,0.7,D,D,D
q65,2,0.0,0.6666666666666666,0.3333333333333333,0.0,B,B,D,Qwen/Qwen2.5-3B-Instruct,1,0.7,D,D,D
q65,3,0.3333333333333333,0.0,0.0,0.6666666666666666,D,A,D,Qwen/Qwen2.5-3B-Instruct,1,0.7,D,D,D
q66,0,0.3333333333333333,0.3333333333333333,0.0,0.3333333333333333,B,A,A,Qwen/Qwen2.5-3B-Instruct,0,0.7,A,D,A
q66,1,0.0,0.0,0.3333333333333333,0.6666666666666666,D,D,A,Qwen/Qwen2.5-3B-Instruct,0,0.7,A,D,A
q66,2,0.0,0.0,1.0,0.0,C,C,A,Qwen/Qwen2.5-3B-Instruct,0,0.7,A,D,A
q66,3,0.0,0.6666666666666666,0.3333333333333333,0.0,B,B,A,Qwen/Qwen2.5-3B-Instruct,0,0.7,A,D,A
q67,0,0.0,0.3333333333333333,0.0,0.6666666666666666,D,D,D,Qwen/Qwen2.5-3B-Instruct,1,0.7,D,D,D
q67,1,0.0,0.0,0.6666666666666666,0.3333333333333333,C,C,D,Qwen/Qwen2.5-3B-Instruct,1,0.7,D,D,D
q67,2,0.0,0.6666666666666666,0.3333333333333333,0.0,B,B,D,Qwen/Qwen2.5-3B-Instruct,1,0.7,D,D,D
q67,3,0.6666666666666666,0.3333333333333333,0.0,0.0,A,A,D,Qwen/Qwen2.5-3B-Instruct,1,0.7,D,D,D
q68,0,0.0,0.0,0.0,1.0,D,D,D,Qwen/Qwen2.5-3B-Instruct,1,0.7,D,D,D
q68,1,0.0,0.0,1.0,0.0,C,C,D,Qwen/Qwen2.5-3B-Instruct,1,0.7,D,D,D
q68,2,0.0,1.0,0.0,0.0,B,B,D,Qwen/Qwen2.5-3B-Instruct,1,0.7,D,D,D
q68,3,0.3333333333333333,0.0,0.0,0.6666666666666666,D,A,D,Qwen/Qwen2.5-3B-Instruct,1,0.7,D,D,D
q69,0,1.0,0.0,0.0,0.0,A,A,A,Qwen/Qwen2.5-3B-Instruct,1,0.7,A,A,A
q69,1,0.0,0.0,0.0,1.0,D,D,A,Qwen/Qwen2.5-3B-Instruct,1,0.7,A,A,A
q69,2,0.0,0.0,1.0,0.0,C,C,A,Qwen/Qwen2.5-3B-Instruct,1,0.7,A,A,A
q69,3,0.0,1.0,0.0,0.0,B,B,A,Qwen/Qwen2.5-3B-Instruct,1,0.7,A,A,A
q70,0,0.0,0.6666666666666666,0.0,0.3333333333333333,B,A,A,Qwen/Qwen2.5-3B-Instruct,0,0.7,B,C,B
q70,1,0.3333333333333333,0.3333333333333333,0.3333333333333333,0.0,B,D,A,Qwen/Qwen2.5-3B-Instruct,0,0.7,B,C,B
q70,2,0.0,0.0,0.3333333333333333,0.6666666666666666,D,C,A,Qwen/Qwen2.5-3B-Instruct,0,0.7,B,C,B
q70,3,0.0,0.0,1.0,0.0,C,B,A,Qwen/Qwen2.5-3B-Instruct,0,0.7,B,C,B
q71,0,0.0,0.0,0.0,1.0,D,A,A,Qwen/Qwen2.5-3B-Instruct,1,0.7,D,D,D
q71,1,0.0,0.0,1.0,0.0,C,D,A,Qwen/Qwen2.5-3B-Instruct,1,0.7,D,D,D
q71,2,0.0,1.0,0.0,0.0,B,C,A,Qwen/Qwen2.5-3B-Instruct,1,0.7,D,D,D
q71,3,0.6666666666666666,0.3333333333333333,0.0,0.0,A,B,A,Qwen/Qwen2.5-3B-Instruct,1,0.7,D,D,D
q72,0,1.0,0.0,0.0,0.0,A,A,A,Qwen/Qwen2.5-3B-Instruct,1,0.7,A,A,A
q72,1,0.0,0.0,0.0,1.0,D,D,A,Qwen/Qwen2.5-3B-Instruct,1,0.7,A,A,A
q72,2,0.0,0.0,1.0,0.0,C,C,A,Qwen/Qwen2.5-3B-Instruct,1,0.7,A,A,A
q72,3,0.0,1.0,0.0,0.0,B,B,A,Qwen/Qwen2.5-3B-Instruct,1,0.7,A,A,A
q73,0,0.0,0.0,0.0,1.0,D,D,D,Qwen/Qwen2.5-3B-Instruct,1,0.7,D,D,D
q73,1,0.0,0.0,1.0,0.0,C,C,D,Qwen/Qwen2.5-3B-Instruct,1,0.7,D,D,D
q73,2,0.0,1.0,0.0,0.0,B,B,D,Qwen/Qwen2.5-3B-Instruct,1,0.7,D,D,D
q73,3,0.6666666666666666,0.0,0.3333333333333333,0.0,A,A,D,Qwen/Qwen2.5-3B-Instruct,1,0.7,D,D,D
q74,0,0.0,0.0,0.0,1.0,D,D,D,Qwen/Qwen2.5-3B-Instruct,1,0.7,D,D,D
q74,1,0.0,0.0,1.0,0.0,C,C,D,Qwen/Qwen2.5-3B-Instruct,1,0.7,D,D,D
q74,2,0.0,1.0,0.0,0.0,B,B,D,Qwen/Qwen2.5-3B-Instruct,1,0.7,D,D,D
q74,3,1.0,0.0,0.0,0.0,A,A,D,Qwen/Qwen2.5-3B-Instruct,1,0.7,D,D,D
q75,0,0.0,0.0,1.0,0.0,C,C,C,Qwen/Qwen2.5-3B-Instruct,1,0.7,C,C,C
q75,1,0.0,0.6666666666666666,0.0,0.3333333333333333,B,B,C,Qwen/Qwen2.5-3B-Instruct,1,0.7,C,C,C
q75,2,0.6666666666666666,0.0,0.0,0.3333333333333333,A,A,C,Qwen/Qwen2.5-3B-Instruct,1,0.7,C,C,C
q75,3,0.0,0.0,0.0,1.0,D,D,C,Qwen/Qwen2.5-3B-Instruct,1,0.7,C,C,C
q76,0,0.6666666666666666,0.3333333333333333,0.0,0.0,A,A,A,Qwen/Qwen2.5-3B-Instruct,0,0.7,A,B,A
q76,1,0.0,0.0,0.0,1.0,D,D,A,Qwen/Qwen2.5-3B-Instruct,0,0.7,A,B,A
q76,2,0.0,0.0,0.6666666666666666,0.3333333333333333,C,C,A,Qwen/Qwen2.5-3B-Instruct,0,0.7,A,B,A
q76,3,0.0,0.6666666666666666,0.3333333333333333,0.0,B,B,A,Qwen/Qwen2.5-3B-Instruct,0,0.7,A,B,A
q77,0,0.0,0.0,0.0,1.0,D,C,C,Qwen/Qwen2.5-3B-Instruct,1,0.7,D,D,D
q77,1,0.0,0.0,1.0,0.0,C,B,C,Qwen/Qwen2.5-3B-Instruct,1,0.7,D,D,D
q77,2,0.0,1.0,0.0,0.0,B,A,C,Qwen/Qwen2.5-3B-Instruct,1,0.7,D,D,D
q77,3,0.6666666666666666,0.3333333333333333,0.0,0.0,A,D,C,Qwen/Qwen2.5-3B-Instruct,1,0.7,D,D,D
q78,0,0.3333333333333333,0.0,0.0,0.6666666666666666,D,D,D,Qwen/Qwen2.5-3B-Instruct,0,0.7,D,A,D
q78,1,0.0,0.0,0.3333333333333333,0.6666666666666666,D,C,D,Qwen/Qwen2.5-3B-Instruct,0,0.7,D,A,D
q78,2,0.0,0.0,1.0,0.0,C,B,D,Qwen/Qwen2.5-3B-Instruct,0,0.7,D,A,D
q78,3,0.3333333333333333,0.6666666666666666,0.0,0.0,B,A,D,Qwen/Qwen2.5-3B-Instruct,0,0.7,D,A,D
q79,0,0.0,0.0,1.0,0.0,C,C,C,Qwen/Qwen2.5-3B-Instruct,1,0.7,C,C,C
q79,1,0.0,1.0,0.0,0.0,B,B,C,Qwen/Qwen2.5-3B-Instruct,1,0.7,C,C,C
q79,2,1.0,0.0,0.0,0.0,A,A,C,Qwen/Qwen2.5-3B-Instruct,1,0.7,C,C,C
q79,3,0.0,0.0,0.0,1.0,D,D,C,Qwen/Qwen2.5-3B-Instruct,1,0.7,C,C,C
q80,0,0.0,0.0,0.0,1.0,D,D,D,Qwen/Qwen2.5-3B-Instruct,0,0.7,D,B,D
q80,1,0.0,0.0,1.0,0.0,C,C,D,Qwen/Qwen2.5-3B-Instruct,0,0.7,D,B,D
q80,2,0.0,1.0,0.0,0.0,B,B,D,Qwen/Qwen2.5-3B-Instruct,0,0.7,D,B,D
q80,3,0.0,0.0,1.0,0.0,C,A,D,Qwen/Qwen2.5-3B-Instruct,0,0.7,D,B,D
q81,0,0.0,0.0,0.0,1.0,D,D,D,Qwen/Qwen2.5-3B-Instruct,1,0.7,D,D,D
q81,1,0.0,0.3333333333333333,0.3333333333333333,0.3333333333333333,B,C,D,Qwen/Qwen2.5-3B-Instruct,1,0.7,D,D,D
q81,2,0.0,0.6666666666666666,0.3333333333333333,0.0,B,B,D,Qwen/Qwen2.5-3B-Instruct,1,0.7,D,D,D
q81,3,1.0,0.0,0.0,0.0,A,A,D,Qwen/Qwen2.5-3B-Instruct,1,0.7,D,D,D
q82,0,0.0,0.0,0.0,1.0,D,D,D,Qwen/Qwen2.5-3B-Instruct,1,0.7,D,D,D
q82,1,0.0,0.0,1.0,0.0,C,C,D,Qwen/Qwen2.5-3B-Instruct,1,0.7,D,D,D
q82,2,0.0,1.0,0.0,0.0,B,B,D,Qwen/Qwen2.5-3B-Instruct,1,0.7,D,D,D
q82,3,1.0,0.0,0.0,0.0,A,A,D,Qwen/Qwen2.5-3B-Instruct,1,0.7,D,D,D
q83,0,0.0,0.3333333333333333,0.3333333333333333,0.3333333333333333,D,D,D,Qwen/Qwen2.5-3B-Instruct,0,0.7,D,C,B
q83,1,0.0,0.0,0.6666666666666666,0.3333333333333333,C,C,D,Qwen/Qwen2.5-3B-Instruct,0,0.7,D,C,B
q83,2,0.0,0.0,0.3333333333333333,0.6666666666666666,D,B,D,Qwen/Qwen2.5-3B-Instruct,0,0.7,D,C,B
q83,3,0.3333333333333333,0.0,0.6666666666666666,0.0,C,A,D,Qwen/Qwen2.5-3B-Instruct,0,0.7,D,C,B
q84,0,0.0,0.0,1.0,0.0,C,C,C,Qwen/Qwen2.5-3B-Instruct,1,0.7,C,C,C
q84,1,0.0,1.0,0.0,0.0,B,B,C,Qwen/Qwen2.5-3B-Instruct,1,0.7,C,C,C
q84,2,0.6666666666666666,0.0,0.0,0.3333333333333333,A,A,C,Qwen/Qwen2.5-3B-Instruct,1,0.7,C,C,C
q84,3,0.0,0.0,0.0,1.0,D,D,C,Qwen/Qwen2.5-3B-Instruct,1,0.7,C,C,C
q85,0,0.0,0.0,1.0,0.0,C,C,C,Qwen/Qwen2.5-3B-Instruct,1,0.7,C,C,C
q85,1,0.0,1.0,0.0,0.0,B,B,C,Qwen/Qwen2.5-3B-Instruct,1,0.7,C,C,C
q85,2,0.6666666666666666,0.0,0.0,0.3333333333333333,A,A,C,Qwen/Qwen2.5-3B-Instruct,1,0.7,C,C,C
q85,3,0.0,0.0,0.0,1.0,D,D,C,Qwen/Qwen2.5-3B-Instruct,1,0.7,C,C,C
q86,0,0.3333333333333333,0.0,0.6666666666666666,0.0,C,D,D,Qwen/Qwen2.5-3B-Instruct,0,0.7,C,C,A
q86,1,0.6666666666666666,0.0,0.3333333333333333,0.0,A,C,D,Qwen/Qwen2.5-3B-Instruct,0,0.7,C,C,A
q86,2,0.6666666666666666,0.0,0.3333333333333333,0.0,A,B,D,Qwen/Qwen2.5-3B-Instruct,0,0.7,C,C,A
q86,3,0.6666666666666666,0.0,0.3333333333333333,0.0,A,A,D,Qwen/Qwen2.5-3B-Instruct,0,0.7,C,C,A
q87,0,0.3333333333333333,0.0,0.0,0.6666666666666666,D,D,D,Qwen/Qwen2.5-3B-Instruct,1,0.7,D,D,D
q87,1,0.0,0.0,1.0,0.0,C,C,D,Qwen/Qwen2.5-3B-Instruct,1,0.7,D,D,D
q87,2,0.0,1.0,0.0,0.0,B,B,D,Qwen/Qwen2.5-3B-Instruct,1,0.7,D,D,D
q87,3,0.6666666666666666,0.0,0.0,0.3333333333333333,A,A,D,Qwen/Qwen2.5-3B-Instruct,1,0.7,D,D,D
q88,0,0.0,0.0,0.0,1.0,D,D,D,Qwen/Qwen2.5-3B-Instruct,1,0.7,D,D,D
q88,1,0.0,0.0,1.0,0.0,C,C,D,Qwen/Qwen2.5-3B-Instruct,1,0.7,D,D,D
q88,2,0.0,1.0,0.0,0.0,B,B,D,Qwen/Qwen2.5-3B-Instruct,1,0.7,D,D,D
q88,3,0.6666666666666666,0.0,0.0,0.3333333333333333,A,A,D,Qwen/Qwen2.5-3B-Instruct,1,0.7,D,D,D
q89,0,0.0,0.0,0.3333333333333333,0.6666666666666666,D,D,D,Qwen/Qwen2.5-3B-Instruct,0,0.7,C,D,D
q89,1,0.0,0.6666666666666666,0.0,0.3333333333333333,B,C,D,Qwen/Qwen2.5-3B-Instruct,0,0.7,C,D,D
q89,2,0.0,0.6666666666666666,0.3333333333333333,0.0,B,B,D,Qwen/Qwen2.5-3B-Instruct,0,0.7,C,D,D
q89,3,1.0,0.0,0.0,0.0,A,A,D,Qwen/Qwen2.5-3B-Instruct,0,0.7,C,D,D
q90,0,1.0,0.0,0.0,0.0,A,A,A,Qwen/Qwen2.5-3B-Instruct,1,0.7,A,A,A
q90,1,0.0,0.0,0.0,1.0,D,D,A,Qwen/Qwen2.5-3B-Instruct,1,0.7,A,A,A
q90,2,0.0,0.0,1.0,0.0,C,C,A,Qwen/Qwen2.5-3B-Instruct,1,0.7,A,A,A
q90,3,0.0,1.0,0.0,0.0,B,B,A,Qwen/Qwen2.5-3B-Instruct,1,0.7,A,A,A
q91,0,0.0,0.0,1.0,0.0,C,C,C,Qwen/Qwen2.5-3B-Instruct,1,0.7,C,C,C
q91,1,0.0,0.6666666666666666,0.0,0.3333333333333333,B,B,C,Qwen/Qwen2.5-3B-Instruct,1,0.7,C,C,C
q91,2,0.6666666666666666,0.0,0.3333333333333333,0.0,A,A,C,Qwen/Qwen2.5-3B-Instruct,1,0.7,C,C,C
q91,3,0.0,0.0,0.3333333333333333,0.6666666666666666,D,D,C,Qwen/Qwen2.5-3B-Instruct,1,0.7,C,C,C
q92,0,0.0,0.0,1.0,0.0,C,C,C,Qwen/Qwen2.5-3B-Instruct,1,0.7,C,C,C
q92,1,0.0,1.0,0.0,0.0,B,B,C,Qwen/Qwen2.5-3B-Instruct,1,0.7,C,C,C
q92,2,0.3333333333333333,0.0,0.6666666666666666,0.0,C,A,C,Qwen/Qwen2.5-3B-Instruct,1,0.7,C,C,C
q92,3,0.0,0.3333333333333333,0.0,0.6666666666666666,D,D,C,Qwen/Qwen2.5-3B-Instruct,1,0.7,C,C,C
q93,0,0.0,0.0,1.0,0.0,C,C,C,Qwen/Qwen2.5-3B-Instruct,1,0.7,C,C,C
q93,1,0.0,0.6666666666666666,0.0,0.3333333333333333,B,B,C,Qwen/Qwen2.5-3B-Instruct,1,0.7,C,C,C
q93,2,0.6666666666666666,0.0,0.3333333333333333,0.0,A,A,C,Qwen/Qwen2.5-3B-Instruct,1,0.7,C,C,C
q93,3,0.0,0.0,0.0,1.0,D,D,C,Qwen/Qwen2.5-3B-Instruct,1,0.7,C,C,C
q94,0,0.0,0.0,0.0,1.0,D,D,D,Qwen/Qwen2.5-3B-Instruct,1,0.7,D,D,D
q94,1,0.0,0.0,1.0,0.0,C,C,D,Qwen/Qwen2.5-3B-Instruct,1,0.7,D,D,D
q94,2,0.0,1.0,0.0,0.0,B,B,D,Qwen/Qwen2.5-3B-Instruct,1,0.7,D,D,D
q94,3,0.6666666666666666,0.0,0.0,0.3333333333333333,A,A,D,Qwen/Qwen2.5-3B-Instruct,1,0.7,D,D,D
q95,0,0.6666666666666666,0.0,0.3333333333333333,0.0,A,A,A,Qwen/Qwen2.5-3B-Instruct,0,0.7,A,C,A
q95,1,0.0,0.0,0.0,1.0,D,D,A,Qwen/Qwen2.5-3B-Instruct,0,0.7,A,C,A
q95,2,0.0,0.0,1.0,0.0,C,C,A,Qwen/Qwen2.5-3B-Instruct,0,0.7,A,C,A
q95,3,0.0,1.0,0.0,0.0,B,B,A,Qwen/Qwen2.5-3B-Instruct,0,0.7,A,C,A
q96,0,0.6666666666666666,0.0,0.0,0.3333333333333333,A,A,A,Qwen/Qwen2.5-3B-Instruct,0,0.7,A,D,A
q96,1,0.0,0.0,0.0,1.0,D,D,A,Qwen/Qwen2.5-3B-Instruct,0,0.7,A,D,A
q96,2,0.0,0.0,0.6666666666666666,0.3333333333333333,C,C,A,Qwen/Qwen2.5-3B-Instruct,0,0.7,A,D,A
q96,3,0.0,1.0,0.0,0.0,B,B,A,Qwen/Qwen2.5-3B-Instruct,0,0.7,A,D,A
q97,0,0.0,0.0,0.0,1.0,D,D,D,Qwen/Qwen2.5-3B-Instruct,1,0.7,D,D,D
q97,1,0.0,0.0,1.0,0.0,C,C,D,Qwen/Qwen2.5-3B-Instruct,1,0.7,D,D,D
q97,2,0.0,1.0,0.0,0.0,B,B,D,Qwen/Qwen2.5-3B-Instruct,1,0.7,D,D,D
q97,3,0.6666666666666666,0.3333333333333333,0.0,0.0,A,A,D,Qwen/Qwen2.5-3B-Instruct,1,0.7,D,D,D
q98,0,0.6666666666666666,0.3333333333333333,0.0,0.0,A,A,A,Qwen/Qwen2.5-3B-Instruct,0,0.7,D,A,A
q98,1,0.0,0.0,0.0,1.0,D,D,A,Qwen/Qwen2.5-3B-Instruct,0,0.7,D,A,A
q98,2,0.0,0.0,1.0,0.0,C,C,A,Qwen/Qwen2.5-3B-Instruct,0,0.7,D,A,A
q98,3,0.0,1.0,0.0,0.0,B,B,A,Qwen/Qwen2.5-3B-Instruct,0,0.7,D,A,A
q99,0,0.0,1.0,0.0,0.0,B,B,B,Qwen/Qwen2.5-3B-Instruct,1,0.7,B,B,B
q99,1,0.6666666666666666,0.0,0.3333333333333333,0.0,A,A,B,Qwen/Qwen2.5-3B-Instruct,1,0.7,B,B,B
q99,2,0.0,0.0,0.0,1.0,D,D,B,Qwen/Qwen2.5-3B-Instruct,1,0.7,B,B,B
q99,3,0.0,0.0,1.0,0.0,C,C,B,Qwen/Qwen2.5-3B-Instruct,1,0.7,B,B,B
q100,0,0.0,0.0,1.0,0.0,C,C,C,Qwen/Qwen2.5-3B-Instruct,1,0.7,C,C,C
q100,1,0.0,1.0,0.0,0.0,B,B,C,Qwen/Qwen2.5-3B-Instruct,1,0.7,C,C,C
q100,2,1.0,0.0,0.0,0.0,A,A,C,Qwen/Qwen2.5-3B-Instruct,1,0.7,C,C,C
q100,3,0.0,0.0,0.0,1.0,D,D,C,Qwen/Qwen2.5-3B-Instruct,1,0.7,C,C,C
q101,0,0.3333333333333333,0.0,0.0,0.6666666666666666,D,D,D,Qwen/Qwen2.5-3B-Instruct,0,0.7,D,A,D
q101,1,0.3333333333333333,0.3333333333333333,0.3333333333333333,0.0,B,C,D,Qwen/Qwen2.5-3B-Instruct,0,0.7,D,A,D
q101,2,0.3333333333333333,0.0,0.6666666666666666,0.0,C,B,D,Qwen/Qwen2.5-3B-Instruct,0,0.7,D,A,D
q101,3,0.3333333333333333,0.0,0.3333333333333333,0.3333333333333333,D,A,D,Qwen/Qwen2.5-3B-Instruct,0,0.7,D,A,D
q102,0,0.0,0.0,0.0,1.0,D,D,D,Qwen/Qwen2.5-3B-Instruct,1,0.7,D,D,D
q102,1,0.0,0.0,1.0,0.0,C,C,D,Qwen/Qwen2.5-3B-Instruct,1,0.7,D,D,D
q102,2,0.0,1.0,0.0,0.0,B,B,D,Qwen/Qwen2.5-3B-Instruct,1,0.7,D,D,D
q102,3,1.0,0.0,0.0,0.0,A,A,D,Qwen/Qwen2.5-3B-Instruct,1,0.7,D,D,D
q103,0,0.0,0.0,1.0,0.0,C,C,C,Qwen/Qwen2.5-3B-Instruct,1,0.7,C,C,C
q103,1,0.0,1.0,0.0,0.0,B,B,C,Qwen/Qwen2.5-3B-Instruct,1,0.7,C,C,C
q103,2,0.6666666666666666,0.0,0.0,0.3333333333333333,A,A,C,Qwen/Qwen2.5-3B-Instruct,1,0.7,C,C,C
q103,3,0.0,0.0,0.0,1.0,D,D,C,Qwen/Qwen2.5-3B-Instruct,1,0.7,C,C,C
q104,0,0.3333333333333333,0.0,0.0,0.6666666666666666,D,D,D,Qwen/Qwen2.5-3B-Instruct,0,0.7,D,A,D
q104,1,0.0,0.0,0.6666666666666666,0.3333333333333333,C,C,D,Qwen/Qwen2.5-3B-Instruct,0,0.7,D,A,D
q104,2,0.0,1.0,0.0,0.0,B,B,D,Qwen/Qwen2.5-3B-Instruct,0,0.7,D,A,D
q104,3,0.6666666666666666,0.3333333333333333,0.0,0.0,A,A,D,Qwen/Qwen2.5-3B-Instruct,0,0.7,D,A,D
q105,0,0.0,0.0,0.6666666666666666,0.3333333333333333,C,C,C,Qwen/Qwen2.5-3B-Instruct,0,0.7,C,D,C
q105,1,0.3333333333333333,0.6666666666666666,0.0,0.0,B,B,C,Qwen/Qwen2.5-3B-Instruct,0,0.7,C,D,C
q105,2,0.0,0.0,0.0,1.0,D,A,C,Qwen/Qwen2.5-3B-Instruct,0,0.7,C,D,C
q105,3,0.0,0.0,1.0,0.0,C,D,C,Qwen/Qwen2.5-3B-Instruct,0,0.7,C,D,C
q106,0,0.0,0.0,0.0,1.0,D,D,D,Qwen/Qwen2.5-3B-Instruct,0,0.7,D,C,D
q106,1,0.0,0.0,1.0,0.0,C,C,D,Qwen/Qwen2.5-3B-Instruct,0,0.7,D,C,D
q106,2,0.0,1.0,0.0,0.0,B,B,D,Qwen/Qwen2.5-3B-Instruct,0,0.7,D,C,D
q106,3,1.0,0.0,0.0,0.0,A,A,D,Qwen/Qwen2.5-3B-Instruct,0,0.7,D,C,D
q107,0,0.0,0.0,0.0,1.0,D,D,D,Qwen/Qwen2.5-3B-Instruct,1,0.7,D,D,D
q107,1,0.0,0.0,1.0,0.0,C,C,D,Qwen/Qwen2.5-3B-Instruct,1,0.7,D,D,D
q107,2,0.0,1.0,0.0,0.0,B,B,D,Qwen/Qwen2.5-3B-Instruct,1,0.7,D,D,D
q107,3,1.0,0.0,0.0,0.0,A,A,D,Qwen/Qwen2.5-3B-Instruct,1,0.7,D,D,D
q108,0,0.0,0.0,0.0,1.0,D,D,D,Qwen/Qwen2.5-3B-Instruct,1,0.7,D,D,D
q108,1,0.0,0.0,0.6666666666666666,0.3333333333333333,C,C,D,Qwen/Qwen2.5-3B-Instruct,1,0.7,D,D,D
q108,2,0.0,0.6666666666666666,0.0,0.3333333333333333,B,B,D,Qwen/Qwen2.5-3B-Instruct,1,0.7,D,D,D
q108,3,0.6666666666666666,0.0,0.0,0.3333333333333333,A,A,D,Qwen/Qwen2.5-3B-Instruct,1,0.7,D,D,D
q109,0,0.6666666666666666,0.0,0.3333333333333333,0.0,A,A,A,Qwen/Qwen2.5-3B-Instruct,0,0.7,D,C,A
q109,1,0.6666666666666666,0.0,0.3333333333333333,0.0,A,D,A,Qwen/Qwen2.5-3B-Instruct,0,0.7,D,C,A
q109,2,0.0,0.6666666666666666,0.3333333333333333,0.0,B,C,A,Qwen/Qwen2.5-3B-Instruct,0,0.7,D,C,A
q109,3,0.6666666666666666,0.0,0.3333333333333333,0.0,A,B,A,Qwen/Qwen2.5-3B-Instruct,0,0.7,D,C,A
q110,0,0.3333333333333333,0.0,0.3333333333333333,0.3333333333333333,C,C,C,Qwen/Qwen2.5-3B-Instruct,0,0.7,C,D,A
q110,1,0.0,0.3333333333333333,0.0,0.6666666666666666,D,B,C,Qwen/Qwen2.5-3B-Instruct,0,0.7,C,D,A
q110,2,0.3333333333333333,0.0,0.6666666666666666,0.0,C,A,C,Qwen/Qwen2.5-3B-Instruct,0,0.7,C,D,A
q110,3,0.0,0.3333333333333333,0.6666666666666666,0.0,C,D,C,Qwen/Qwen2.5-3B-Instruct,0,0.7,C,D,A
q111,0,0.0,0.0,0.0,1.0,D,D,D,Qwen/Qwen2.5-3B-Instruct,1,0.7,D,D,D
q111,1,0.0,0.3333333333333333,0.0,0.6666666666666666,D,C,D,Qwen/Qwen2.5-3B-Instruct,1,0.7,D,D,D
q111,2,0.0,0.6666666666666666,0.0,0.3333333333333333,B,B,D,Qwen/Qwen2.5-3B-Instruct,1,0.7,D,D,D
q111,3,0.3333333333333333,0.3333333333333333,0.3333333333333333,0.0,B,A,D,Qwen/Qwen2.5-3B-Instruct,1,0.7,D,D,D
q112,0,0.0,1.0,0.0,0.0,B,B,B,Qwen/Qwen2.5-3B-Instruct,1,0.7,B,B,B
q112,1,0.6666666666666666,0.0,0.3333333333333333,0.0,A,A,B,Qwen/Qwen2.5-3B-Instruct,1,0.7,B,B,B
q112,2,0.0,0.0,0.0,1.0,D,D,B,Qwen/Qwen2.5-3B-Instruct,1,0.7,B,B,B
q112,3,0.0,0.0,1.0,0.0,C,C,B,Qwen/Qwen2.5-3B-Instruct,1,0.7,B,B,B
q113,0,0.0,0.0,1.0,0.0,C,C,C,Qwen/Qwen2.5-3B-Instruct,1,0.7,C,C,C
q113,1,0.0,0.6666666666666666,0.3333333333333333,0.0,B,B,C,Qwen/Qwen2.5-3B-Instruct,1,0.7,C,C,C
q113,2,0.3333333333333333,0.0,0.6666666666666666,0.0,C,A,C,Qwen/Qwen2.5-3B-Instruct,1,0.7,C,C,C
q113,3,0.0,0.0,0.3333333333333333,0.6666666666666666,D,D,C,Qwen/Qwen2.5-3B-Instruct,1,0.7,C,C,C
q114,0,0.6666666666666666,0.0,0.3333333333333333,0.0,A,A,A,Qwen/Qwen2.5-3B-Instruct,0,0.7,A,C,A
q114,1,0.0,0.3333333333333333,0.0,0.6666666666666666,D,D,A,Qwen/Qwen2.5-3B-Instruct,0,0.7,A,C,A
q114,2,0.0,0.0,1.0,0.0,C,C,A,Qwen/Qwen2.5-3B-Instruct,0,0.7,A,C,A
q114,3,0.0,0.6666666666666666,0.0,0.3333333333333333,B,B,A,Qwen/Qwen2.5-3B-Instruct,0,0.7,A,C,A
q115,0,0.6666666666666666,0.0,0.0,0.3333333333333333,A,A,A,Qwen/Qwen2.5-3B-Instruct,0,0.7,A,D,A
q115,1,0.0,0.0,0.0,1.0,D,D,A,Qwen/Qwen2.5-3B-Instruct,0,0.7,A,D,A
q115,2,0.0,0.0,1.0,0.0,C,C,A,Qwen/Qwen2.5-3B-Instruct,0,0.7,A,D,A
q115,3,0.0,1.0,0.0,0.0,B,B,A,Qwen/Qwen2.5-3B-Instruct,0,0.7,A,D,A
q116,0,0.0,0.6666666666666666,0.0,0.3333333333333333,B,B,B,Qwen/Qwen2.5-3B-Instruct,0,0.7,B,D,B
q116,1,0.6666666666666666,0.0,0.3333333333333333,0.0,A,A,B,Qwen/Qwen2.5-3B-Instruct,0,0.7,B,D,B
q116,2,0.0,0.3333333333333333,0.0,0.6666666666666666,D,D,B,Qwen/Qwen2.5-3B-Instruct,0,0.7,B,D,B
q116,3,0.3333333333333333,0.0,0.6666666666666666,0.0,C,C,B,Qwen/Qwen2.5-3B-Instruct,0,0.7,B,D,B
q117,0,0.0,0.0,1.0,0.0,C,C,C,Qwen/Qwen2.5-3B-Instruct,1,0.7,C,C,C
q117,1,0.0,0.6666666666666666,0.0,0.3333333333333333,B,B,C,Qwen/Qwen2.5-3B-Instruct,1,0.7,C,C,C
q117,2,0.6666666666666666,0.0,0.3333333333333333,0.0,A,A,C,Qwen/Qwen2.5-3B-Instruct,1,0.7,C,C,C
q117,3,0.0,0.0,0.0,1.0,D,D,C,Qwen/Qwen2.5-3B-Instruct,1,0.7,C,C,C
q118,0,0.0,1.0,0.0,0.0,B,B,B,Qwen/Qwen2.5-3B-Instruct,1,0.7,B,B,B
q118,1,1.0,0.0,0.0,0.0,A,A,B,Qwen/Qwen2.5-3B-Instruct,1,0.7,B,B,B
q118,2,0.0,0.0,0.0,1.0,D,D,B,Qwen/Qwen2.5-3B-Instruct,1,0.7,B,B,B
q118,3,0.0,0.0,0.6666666666666666,0.3333333333333333,C,C,B,Qwen/Qwen2.5-3B-Instruct,1,0.7,B,B,B
q119,0,0.0,0.3333333333333333,0.6666666666666666,0.0,C,B,B,Qwen/Qwen2.5-3B-Instruct,0,0.7,C,C,B
q119,1,0.3333333333333333,0.0,0.6666666666666666,0.0,C,A,B,Qwen/Qwen2.5-3B-Instruct,0,0.7,C,C,B
q119,2,0.0,0.0,0.0,1.0,D,D,B,Qwen/Qwen2.5-3B-Instruct,0,0.7,C,C,B
q119,3,0.0,0.0,1.0,0.0,C,C,B,Qwen/Qwen2.5-3B-Instruct,0,0.7,C,C,B
q120,0,0.0,0.0,1.0,0.0,C,C,C,Qwen/Qwen2.5-3B-Instruct,1,0.7,C,C,C
q120,1,0.0,1.0,0.0,0.0,B,B,C,Qwen/Qwen2.5-3B-Instruct,1,0.7,C,C,C
q120,2,0.6666666666666666,0.0,0.0,0.3333333333333333,A,A,C,Qwen/Qwen2.5-3B-Instruct,1,0.7,C,C,C
q120,3,0.0,0.0,0.0,1.0,D,D,C,Qwen/Qwen2.5-3B-Instruct,1,0.7,C,C,C
q121,0,0.0,0.0,1.0,0.0,C,C,C,Qwen/Qwen2.5-3B-Instruct,1,0.7,C,C,C
q121,1,0.0,1.0,0.0,0.0,B,B,C,Qwen/Qwen2.5-3B-Instruct,1,0.7,C,C,C
q121,2,0.6666666666666666,0.0,0.3333333333333333,0.0,A,A,C,Qwen/Qwen2.5-3B-Instruct,1,0.7,C,C,C
q121,3,0.0,0.0,0.0,1.0,D,D,C,Qwen/Qwen2.5-3B-Instruct,1,0.7,C,C,C
q122,0,0.0,1.0,0.0,0.0,B,B,B,Qwen/Qwen2.5-3B-Instruct,1,0.7,B,B,B
q122,1,1.0,0.0,0.0,0.0,A,A,B,Qwen/Qwen2.5-3B-Instruct,1,0.7,B,B,B
q122,2,0.0,0.0,0.0,1.0,D,D,B,Qwen/Qwen2.5-3B-Instruct,1,0.7,B,B,B
q122,3,0.0,0.0,1.0,0.0,C,C,B,Qwen/Qwen2.5-3B-Instruct,1,0.7,B,B,B
q123,0,0.0,1.0,0.0,0.0,B,D,D,Qwen/Qwen2.5-3B-Instruct,1,0.7,B,B,B
q123,1,1.0,0.0,0.0,0.0,A,C,D,Qwen/Qwen2.5-3B-Instruct,1,0.7,B,B,B
q123,2,0.0,0.6666666666666666,0.0,0.3333333333333333,B,B,D,Qwen/Qwen2.5-3B-Instruct,1,0.7,B,B,B
q123,3,0.0,0.0,1.0,0.0,C,A,D,Qwen/Qwen2.5-3B-Instruct,1,0.7,B,B,B
q124,0,0.0,0.0,0.6666666666666666,0.3333333333333333,C,C,C,Qwen/Qwen2.5-3B-Instruct,0,0.7,C,D,C
q124,1,0.0,0.6666666666666666,0.3333333333333333,0.0,B,B,C,Qwen/Qwen2.5-3B-Instruct,0,0.7,C,D,C
q124,2,0.3333333333333333,0.3333333333333333,0.0,0.3333333333333333,D,A,C,Qwen/Qwen2.5-3B-Instruct,0,0.7,C,D,C
q124,3,0.0,0.0,0.3333333333333333,0.6666666666666666,D,D,C,Qwen/Qwen2.5-3B-Instruct,0,0.7,C,D,C
q125,0,0.3333333333333333,0.0,0.0,0.6666666666666666,D,A,A,Qwen/Qwen2.5-3B-Instruct,1,0.7,D,D,D
q125,1,0.0,0.3333333333333333,0.3333333333333333,0.3333333333333333,B,D,A,Qwen/Qwen2.5-3B-Instruct,1,0.7,D,D,D
q125,2,0.0,0.3333333333333333,0.6666666666666666,0.0,C,C,A,Qwen/Qwen2.5-3B-Instruct,1,0.7,D,D,D
q125,3,0.0,0.3333333333333333,0.0,0.6666666666666666,D,B,A,Qwen/Qwen2.5-3B-Instruct,1,0.7,D,D,D
q126,0,0.0,0.3333333333333333,0.0,0.6666666666666666,D,B,B,Qwen/Qwen2.5-3B-Instruct,0,0.7,D,D,B
q126,1,0.3333333333333333,0.0,0.0,0.6666666666666666,D,A,B,Qwen/Qwen2.5-3B-Instruct,0,0.7,D,D,B
q126,2,0.0,0.0,0.0,1.0,D,D,B,Qwen/Qwen2.5-3B-Instruct,0,0.7,D,D,B
q126,3,0.0,0.0,1.0,0.0,C,C,B,Qwen/Qwen2.5-3B-Instruct,0,0.7,D,D,B
q127,0,0.0,0.0,1.0,0.0,C,C,C,Qwen/Qwen2.5-3B-Instruct,1,0.7,C,C,C
q127,1,0.3333333333333333,0.3333333333333333,0.0,0.3333333333333333,A,B,C,Qwen/Qwen2.5-3B-Instruct,1,0.7,C,C,C
q127,2,0.3333333333333333,0.0,0.3333333333333333,0.3333333333333333,D,A,C,Qwen/Qwen2.5-3B-Instruct,1,0.7,C,C,C
q127,3,0.0,0.0,0.3333333333333333,0.6666666666666666,D,D,C,Qwen/Qwen2.5-3B-Instruct,1,0.7,C,C,C
q128,0,0.0,0.6666666666666666,0.0,0.3333333333333333,B,D,D,Qwen/Qwen2.5-3B-Instruct,0,0.7,D,C,B
q128,1,0.3333333333333333,0.0,0.6666666666666666,0.0,C,C,D,Qwen/Qwen2.5-3B-Instruct,0,0.7,D,C,B
q128,2,0.0,0.0,0.0,1.0,D,B,D,Qwen/Qwen2.5-3B-Instruct,0,0.7,D,C,B
q128,3,0.0,0.0,0.6666666666666666,0.3333333333333333,C,A,D,Qwen/Qwen2.5-3B-Instruct,0,0.7,D,C,B
q129,0,0.3333333333333333,0.6666666666666666,0.0,0.0,B,C,C,Qwen/Qwen2.5-3B-Instruct,0,0.7,B,C,B
q129,1,0.0,0.0,0.0,1.0,D,B,C,Qwen/Qwen2.5-3B-Instruct,0,0.7,B,C,B
q129,2,0.0,0.0,1.0,0.0,C,A,C,Qwen/Qwen2.5-3B-Instruct,0,0.7,B,C,B
q129,3,0.3333333333333333,0.3333333333333333,0.0,0.3333333333333333,B,D,C,Qwen/Qwen2.5-3B-Instruct,0,0.7,B,C,B
q130,0,0.0,0.0,0.3333333333333333,0.6666666666666666,D,C,C,Qwen/Qwen2.5-3B-Instruct,0,0.7,D,D,C
q130,1,0.0,0.6666666666666666,0.3333333333333333,0.0,B,B,C,Qwen/Qwen2.5-3B-Instruct,0,0.7,D,D,C
q130,2,0.0,0.6666666666666666,0.3333333333333333,0.0,B,A,C,Qwen/Qwen2.5-3B-Instruct,0,0.7,D,D,C
q130,3,1.0,0.0,0.0,0.0,A,D,C,Qwen/Qwen2.5-3B-Instruct,0,0.7,D,D,C
q131,0,0.0,0.0,0.0,1.0,D,D,D,Qwen/Qwen2.5-3B-Instruct,1,0.7,D,D,D
q131,1,0.0,0.0,0.6666666666666666,0.3333333333333333,C,C,D,Qwen/Qwen2.5-3B-Instruct,1,0.7,D,D,D
q131,2,0.0,1.0,0.0,0.0,B,B,D,Qwen/Qwen2.5-3B-Instruct,1,0.7,D,D,D
q131,3,0.6666666666666666,0.0,0.0,0.3333333333333333,A,A,D,Qwen/Qwen2.5-3B-Instruct,1,0.7,D,D,D
q132,0,0.0,0.0,0.0,1.0,D,D,D,Qwen/Qwen2.5-3B-Instruct,1,0.7,D,D,D
q132,1,0.0,0.0,0.6666666666666666,0.3333333333333333,C,C,D,Qwen/Qwen2.5-3B-Instruct,1,0.7,D,D,D
q132,2,0.0,1.0,0.0,0.0,B,B,D,Qwen/Qwen2.5-3B-Instruct,1,0.7,D,D,D
q132,3,0.6666666666666666,0.3333333333333333,0.0,0.0,A,A,D,Qwen/Qwen2.5-3B-Instruct,1,0.7,D,D,D
q133,0,1.0,0.0,0.0,0.0,A,A,A,Qwen/Qwen2.5-3B-Instruct,1,0.7,A,A,A
q133,1,0.0,0.0,0.0,1.0,D,D,A,Qwen/Qwen2.5-3B-Instruct,1,0.7,A,A,A
q133,2,0.0,0.0,1.0,0.0,C,C,A,Qwen/Qwen2.5-3B-Instruct,1,0.7,A,A,A
q133,3,0.0,1.0,0.0,0.0,B,B,A,Qwen/Qwen2.5-3B-Instruct,1,0.7,A,A,A
q134,0,0.0,0.0,0.0,1.0,D,D,D,Qwen/Qwen2.5-3B-Instruct,1,0.7,D,D,D
q134,1,0.0,0.0,0.6666666666666666,0.3333333333333333,C,C,D,Qwen/Qwen2.5-3B-Instruct,1,0.7,D,D,D
q134,2,0.0,1.0,0.0,0.0,B,B,D,Qwen/Qwen2.5-3B-Instruct,1,0.7,D,D,D
q134,3,0.3333333333333333,0.0,0.3333333333333333,0.3333333333333333,C,A,D,Qwen/Qwen2.5-3B-Instruct,1,0.7,D,D,D
q135,0,0.0,0.6666666666666666,0.0,0.3333333333333333,B,B,B,Qwen/Qwen2.5-3B-Instruct,0,0.7,B,D,B
q135,1,0.6666666666666666,0.0,0.0,0.3333333333333333,A,A,B,Qwen/Qwen2.5-3B-Instruct,0,0.7,B,D,B
q135,2,0.0,0.0,0.0,1.0,D,D,B,Qwen/Qwen2.5-3B-Instruct,0,0.7,B,D,B
q135,3,0.0,0.0,1.0,0.0,C,C,B,Qwen/Qwen2.5-3B-Instruct,0,0.7,B,D,B
q136,0,0.0,0.6666666666666666,0.0,0.3333333333333333,B,B,B,Qwen/Qwen2.5-3B-Instruct,0,0.7,B,D,B
q136,1,0.6666666666666666,0.0,0.0,0.3333333333333333,A,A,B,Qwen/Qwen2.5-3B-Instruct,0,0.7,B,D,B
q136,2,0.0,0.0,0.0,1.0,D,D,B,Qwen/Qwen2.5-3B-Instruct,0,0.7,B,D,B
q136,3,0.0,0.0,1.0,0.0,C,C,B,Qwen/Qwen2.5-3B-Instruct,0,0.7,B,D,B
q137,0,0.0,0.0,0.0,1.0,D,D,D,Qwen/Qwen2.5-3B-Instruct,1,0.7,D,D,D
q137,1,0.0,0.0,1.0,0.0,C,C,D,Qwen/Qwen2.5-3B-Instruct,1,0.7,D,D,D
q137,2,0.0,0.6666666666666666,0.0,0.3333333333333333,B,B,D,Qwen/Qwen2.5-3B-Instruct,1,0.7,D,D,D
q137,3,0.6666666666666666,0.0,0.0,0.3333333333333333,A,A,D,Qwen/Qwen2.5-3B-Instruct,1,0.7,D,D,D
q138,0,1.0,0.0,0.0,0.0,A,A,A,Qwen/Qwen2.5-3B-Instruct,1,0.7,A,A,A
q138,1,0.0,0.0,0.0,1.0,D,D,A,Qwen/Qwen2.5-3B-Instruct,1,0.7,A,A,A
q138,2,0.0,0.0,1.0,0.0,C,C,A,Qwen/Qwen2.5-3B-Instruct,1,0.7,A,A,A
q138,3,0.0,1.0,0.0,0.0,B,B,A,Qwen/Qwen2.5-3B-Instruct,1,0.7,A,A,A
q139,0,0.0,0.0,0.0,1.0,D,D,D,Qwen/Qwen2.5-3B-Instruct,1,0.7,D,D,D
q139,1,0.0,0.0,0.6666666666666666,0.3333333333333333,C,C,D,Qwen/Qwen2.5-3B-Instruct,1,0.7,D,D,D
q139,2,0.0,0.6666666666666666,0.0,0.3333333333333333,B,B,D,Qwen/Qwen2.5-3B-Instruct,1,0.7,D,D,D
q139,3,0.6666666666666666,0.3333333333333333,0.0,0.0,A,A,D,Qwen/Qwen2.5-3B-Instruct,1,0.7,D,D,D
q140,0,0.0,0.0,0.3333333333333333,0.6666666666666666,D,D,D,Qwen/Qwen2.5-3B-Instruct,0,0.7,D,C,D
q140,1,0.0,0.0,0.6666666666666666,0.3333333333333333,C,C,D,Qwen/Qwen2.5-3B-Instruct,0,0.7,D,C,D
q140,2,0.0,0.6666666666666666,0.0,0.3333333333333333,B,B,D,Qwen/Qwen2.5-3B-Instruct,0,0.7,D,C,D
q140,3,1.0,0.0,0.0,0.0,A,A,D,Qwen/Qwen2.5-3B-Instruct,0,0.7,D,C,D
q141,0,0.3333333333333333,0.3333333333333333,0.3333333333333333,0.0,B,B,B,Qwen/Qwen2.5-3B-Instruct,0,0.7,B,C,A
q141,1,0.3333333333333333,0.0,0.6666666666666666,0.0,C,A,B,Qwen/Qwen2.5-3B-Instruct,0,0.7,B,C,A
q141,2,0.0,0.0,0.6666666666666666,0.3333333333333333,C,D,B,Qwen/Qwen2.5-3B-Instruct,0,0.7,B,C,A
q141,3,0.0,0.0,1.0,0.0,C,C,B,Qwen/Qwen2.5-3B-Instruct,0,0.7,B,C,A
q142,0,0.0,1.0,0.0,0.0,B,B,B,Qwen/Qwen2.5-3B-Instruct,1,0.7,B,B,B
q142,1,0.3333333333333333,0.0,0.0,0.6666666666666666,D,A,B,Qwen/Qwen2.5-3B-Instruct,1,0.7,B,B,B
q142,2,0.0,0.0,0.0,1.0,D,D,B,Qwen/Qwen2.5-3B-Instruct,1,0.7,B,B,B
q142,3,0.0,0.0,0.6666666666666666,0.3333333333333333,C,C,B,Qwen/Qwen2.5-3B-Instruct,1,0.7,B,B,B
q143,0,0.0,0.0,0.0,1.0,D,B,B,Qwen/Qwen2.5-3B-Instruct,1,0.7,D,D,D
q143,1,0.0,0.0,1.0,0.0,C,A,B,Qwen/Qwen2.5-3B-Instruct,1,0.7,D,D,D
q143,2,0.0,1.0,0.0,0.0,B,D,B,Qwen/Qwen2.5-3B-Instruct,1,0.7,D,D,D
q143,3,1.0,0.0,0.0,0.0,A,C,B,Qwen/Qwen2.5-3B-Instruct,1,0.7,D,D,D
q144,0,0.0,0.0,0.6666666666666666,0.3333333333333333,C,A,A,Qwen/Qwen2.5-3B-Instruct,0,0.7,D,C,D
q144,1,0.0,0.3333333333333333,0.3333333333333333,0.3333333333333333,C,D,A,Qwen/Qwen2.5-3B-Instruct,0,0.7,D,C,D
q144,2,0.3333333333333333,0.6666666666666666,0.0,0.0,B,C,A,Qwen/Qwen2.5-3B-Instruct,0,0.7,D,C,D
q144,3,0.0,0.0,0.0,1.0,D,B,A,Qwen/Qwen2.5-3B-Instruct,0,0.7,D,C,D
q145,0,0.0,1.0,0.0,0.0,B,B,B,Qwen/Qwen2.5-3B-Instruct,1,0.7,B,B,B
q145,1,1.0,0.0,0.0,0.0,A,A,B,Qwen/Qwen2.5-3B-Instruct,1,0.7,B,B,B
q145,2,0.0,0.0,0.0,1.0,D,D,B,Qwen/Qwen2.5-3B-Instruct,1,0.7,B,B,B
q145,3,0.0,0.0,1.0,0.0,C,C,B,Qwen/Qwen2.5-3B-Instruct,1,0.7,B,B,B
q146,0,0.0,0.0,0.6666666666666666,0.3333333333333333,C,C,C,Qwen/Qwen2.5-3B-Instruct,0,0.7,C,C,D
q146,1,0.0,0.0,1.0,0.0,C,B,C,Qwen/Qwen2.5-3B-Instruct,0,0.7,C,C,D
q146,2,0.0,1.0,0.0,0.0,B,A,C,Qwen/Qwen2.5-3B-Instruct,0,0.7,C,C,D
q146,3,0.0,0.3333333333333333,0.3333333333333333,0.3333333333333333,B,D,C,Qwen/Qwen2.5-3B-Instruct,0,0.7,C,C,D
q147,0,0.6666666666666666,0.0,0.0,0.3333333333333333,A,A,A,Qwen/Qwen2.5-3B-Instruct,0,0.7,A,D,A
q147,1,0.0,0.0,0.0,1.0,D,D,A,Qwen/Qwen2.5-3B-Instruct,0,0.7,A,D,A
q147,2,0.0,0.0,1.0,0.0,C,C,A,Qwen/Qwen2.5-3B-Instruct,0,0.7,A,D,A
q147,3,0.0,1.0,0.0,0.0,B,B,A,Qwen/Qwen2.5-3B-Instruct,0,0.7,A,D,A
q148,0,0.0,0.0,0.0,1.0,D,D,D,Qwen/Qwen2.5-3B-Instruct,1,0.7,D,D,D
q148,1,0.0,0.0,1.0,0.0,C,C,D,Qwen/Qwen2.5-3B-Instruct,1,0.7,D,D,D
q148,2,0.0,1.0,0.0,0.0,B,B,D,Qwen/Qwen2.5-3B-Instruct,1,0.7,D,D,D
q148,3,1.0,0.0,0.0,0.0,A,A,D,Qwen/Qwen2.5-3B-Instruct,1,0.7,D,D,D
q149,0,0.0,0.6666666666666666,0.3333333333333333,0.0,B,B,B,Qwen/Qwen2.5-3B-Instruct,0,0.7,B,C,B
q149,1,0.6666666666666666,0.0,0.3333333333333333,0.0,A,A,B,Qwen/Qwen2.5-3B-Instruct,0,0.7,B,C,B
q149,2,0.0,0.0,0.3333333333333333,0.6666666666666666,D,D,B,Qwen/Qwen2.5-3B-Instruct,0,0.7,B,C,B
q149,3,0.0,0.0,1.0,0.0,C,C,B,Qwen/Qwen2.5-3B-Instruct,0,0.7,B,C,B
q150,0,0.0,0.0,0.0,1.0,D,D,D,Qwen/Qwen2.5-3B-Instruct,0,0.7,D,C,D
q150,1,0.0,0.0,1.0,0.0,C,C,D,Qwen/Qwen2.5-3B-Instruct,0,0.7,D,C,D
q150,2,0.0,1.0,0.0,0.0,B,B,D,Qwen/Qwen2.5-3B-Instruct,0,0.7,D,C,D
q150,3,1.0,0.0,0.0,0.0,A,A,D,Qwen/Qwen2.5-3B-Instruct,0,0.7,D,C,D
q151,0,0.6666666666666666,0.0,0.3333333333333333,0.0,A,A,A,Qwen/Qwen2.5-3B-Instruct,0,0.7,A,C,A
q151,1,0.3333333333333333,0.0,0.0,0.6666666666666666,D,D,A,Qwen/Qwen2.5-3B-Instruct,0,0.7,A,C,A
q151,2,0.0,0.0,1.0,0.0,C,C,A,Qwen/Qwen2.5-3B-Instruct,0,0.7,A,C,A
q151,3,0.0,0.3333333333333333,0.6666666666666666,0.0,C,B,A,Qwen/Qwen2.5-3B-Instruct,0,0.7,A,C,A
q152,0,0.6666666666666666,0.3333333333333333,0.0,0.0,A,C,C,Qwen/Qwen2.5-3B-Instruct,0,0.7,A,C,A
q152,1,0.3333333333333333,0.0,0.6666666666666666,0.0,C,B,C,Qwen/Qwen2.5-3B-Instruct,0,0.7,A,C,A
q152,2,0.0,0.0,1.0,0.0,C,A,C,Qwen/Qwen2.5-3B-Instruct,0,0.7,A,C,A
q152,3,0.0,0.6666666666666666,0.3333333333333333,0.0,B,D,C,Qwen/Qwen2.5-3B-Instruct,0,0.7,A,C,A
q153,0,0.0,0.0,1.0,0.0,C,C,C,Qwen/Qwen2.5-3B-Instruct,1,0.7,C,C,C
q153,1,0.0,1.0,0.0,0.0,B,B,C,Qwen/Qwen2.5-3B-Instruct,1,0.7,C,C,C
q153,2,1.0,0.0,0.0,0.0,A,A,C,Qwen/Qwen2.5-3B-Instruct,1,0.7,C,C,C
q153,3,0.0,0.0,0.0,1.0,D,D,C,Qwen/Qwen2.5-3B-Instruct,1,0.7,C,C,C
q154,0,1.0,0.0,0.0,0.0,A,C,C,Qwen/Qwen2.5-3B-Instruct,0,0.7,A,C,A
q154,1,0.0,1.0,0.0,0.0,B,B,C,Qwen/Qwen2.5-3B-Instruct,0,0.7,A,C,A
q154,2,0.3333333333333333,0.3333333333333333,0.3333333333333333,0.0,B,A,C,Qwen/Qwen2.5-3B-Instruct,0,0.7,A,C,A
q154,3,0.0,1.0,0.0,0.0,B,D,C,Qwen/Qwen2.5-3B-Instruct,0,0.7,A,C,A
q155,0,0.0,0.0,0.0,1.0,D,D,D,Qwen/Qwen2.5-3B-Instruct,1,0.7,D,D,D
q155,1,0.0,0.0,0.6666666666666666,0.3333333333333333,C,C,D,Qwen/Qwen2.5-3B-Instruct,1,0.7,D,D,D
q155,2,0.0,0.3333333333333333,0.6666666666666666,0.0,C,B,D,Qwen/Qwen2.5-3B-Instruct,1,0.7,D,D,D
q155,3,0.6666666666666666,0.3333333333333333,0.0,0.0,A,A,D,Qwen/Qwen2.5-3B-Instruct,1,0.7,D,D,D
q156,0,0.0,0.0,1.0,0.0,C,C,C,Qwen/Qwen2.5-3B-Instruct,1,0.7,C,C,C
q156,1,0.0,1.0,0.0,0.0,B,B,C,Qwen/Qwen2.5-3B-Instruct,1,0.7,C,C,C
q156,2,0.3333333333333333,0.3333333333333333,0.0,0.3333333333333333,B,A,C,Qwen/Qwen2.5-3B-Instruct,1,0.7,C,C,C
q156,3,0.0,0.0,0.3333333333333333,0.6666666666666666,D,D,C,Qwen/Qwen2.5-3B-Instruct,1,0.7,C,C,C
q157,0,0.0,1.0,0.0,0.0,B,D,D,Qwen/Qwen2.5-3B-Instruct,1,0.7,B,B,B
q157,1,0.0,0.0,1.0,0.0,C,C,D,Qwen/Qwen2.5-3B-Instruct,1,0.7,B,B,B
q157,2,0.0,0.6666666666666666,0.0,0.3333333333333333,B,B,D,Qwen/Qwen2.5-3B-Instruct,1,0.7,B,B,B
q157,3,0.0,0.0,1.0,0.0,C,A,D,Qwen/Qwen2.5-3B-Instruct,1,0.7,B,B,B
q158,0,0.0,0.6666666666666666,0.3333333333333333,0.0,B,B,B,Qwen/Qwen2.5-3B-Instruct,0,0.7,B,C,B
q158,1,0.6666666666666666,0.0,0.3333333333333333,0.0,A,A,B,Qwen/Qwen2.5-3B-Instruct,0,0.7,B,C,B
q158,2,0.0,0.0,0.0,1.0,D,D,B,Qwen/Qwen2.5-3B-Instruct,0,0.7,B,C,B
q158,3,0.0,0.0,1.0,0.0,C,C,B,Qwen/Qwen2.5-3B-Instruct,0,0.7,B,C,B
q159,0,0.0,0.6666666666666666,0.3333333333333333,0.0,B,B,B,Qwen/Qwen2.5-3B-Instruct,0,0.7,B,C,B
q159,1,0.6666666666666666,0.0,0.3333333333333333,0.0,A,A,B,Qwen/Qwen2.5-3B-Instruct,0,0.7,B,C,B
q159,2,0.0,0.0,0.0,1.0,D,D,B,Qwen/Qwen2.5-3B-Instruct,0,0.7,B,C,B
q159,3,0.0,0.0,1.0,0.0,C,C,B,Qwen/Qwen2.5-3B-Instruct,0,0.7,B,C,B
q160,0,0.3333333333333333,0.6666666666666666,0.0,0.0,B,B,B,Qwen/Qwen2.5-3B-Instruct,1,0.7,B,B,B
q160,1,1.0,0.0,0.0,0.0,A,A,B,Qwen/Qwen2.5-3B-Instruct,1,0.7,B,B,B
q160,2,0.0,0.0,0.3333333333333333,0.6666666666666666,D,D,B,Qwen/Qwen2.5-3B-Instruct,1,0.7,B,B,B
q160,3,0.0,0.0,0.6666666666666666,0.3333333333333333,C,C,B,Qwen/Qwen2.5-3B-Instruct,1,0.7,B,B,B
q161,0,0.0,0.0,1.0,0.0,C,C,C,Qwen/Qwen2.5-3B-Instruct,1,0.7,C,C,C
q161,1,0.0,1.0,0.0,0.0,B,B,C,Qwen/Qwen2.5-3B-Instruct,1,0.7,C,C,C
q161,2,0.3333333333333333,0.0,0.6666666666666666,0.0,C,A,C,Qwen/Qwen2.5-3B-Instruct,1,0.7,C,C,C
q161,3,0.0,0.0,0.6666666666666666,0.3333333333333333,C,D,C,Qwen/Qwen2.5-3B-Instruct,1,0.7,C,C,C
q162,0,0.0,0.0,0.0,1.0,D,D,D,Qwen/Qwen2.5-3B-Instruct,1,0.7,D,D,D
q162,1,0.0,0.0,1.0,0.0,C,C,D,Qwen/Qwen2.5-3B-Instruct,1,0.7,D,D,D
q162,2,0.0,1.0,0.0,0.0,B,B,D,Qwen/Qwen2.5-3B-Instruct,1,0.7,D,D,D
q162,3,1.0,0.0,0.0,0.0,A,A,D,Qwen/Qwen2.5-3B-Instruct,1,0.7,D,D,D
q163,0,0.0,1.0,0.0,0.0,B,B,B,Qwen/Qwen2.5-3B-Instruct,1,0.7,B,B,B
q163,1,0.6666666666666666,0.0,0.3333333333333333,0.0,A,A,B,Qwen/Qwen2.5-3B-Instruct,1,0.7,B,B,B
q163,2,0.0,0.0,0.0,1.0,D,D,B,Qwen/Qwen2.5-3B-Instruct,1,0.7,B,B,B
q163,3,0.0,0.0,1.0,0.0,C,C,B,Qwen/Qwen2.5-3B-Instruct,1,0.7,B,B,B
q164,0,0.0,0.6666666666666666,0.0,0.3333333333333333,B,A,A,Qwen/Qwen2.5-3B-Instruct,0,0.7,B,D,B
q164,1,0.6666666666666666,0.3333333333333333,0.0,0.0,A,D,A,Qwen/Qwen2.5-3B-Instruct,0,0.7,B,D,B
q164,2,0.0,0.3333333333333333,0.0,0.6666666666666666,D,C,A,Qwen/Qwen2.5-3B-Instruct,0,0.7,B,D,B
q164,3,0.0,0.0,0.6666666666666666,0.3333333333333333,C,B,A,Qwen/Qwen2.5-3B-Instruct,0,0.7,B,D,B
q165,0,0.0,1.0,0.0,0.0,B,B,B,Qwen/Qwen2.5-3B-Instruct,1,0.7,B,B,B
q165,1,1.0,0.0,0.0,0.0,A,A,B,Qwen/Qwen2.5-3B-Instruct,1,0.7,B,B,B
q165,2,0.0,0.0,0.0,1.0,D,D,B,Qwen/Qwen2.5-3B-Instruct,1,0.7,B,B,B
q165,3,0.0,0.0,1.0,0.0,C,C,B,Qwen/Qwen2.5-3B-Instruct,1,0.7,B,B,B
q166,0,0.3333333333333333,0.0,0.0,0.6666666666666666,D,A,A,Qwen/Qwen2.5-3B-Instruct,0,0.7,D,D,A
q166,1,0.0,0.0,0.0,1.0,D,D,A,Qwen/Qwen2.5-3B-Instruct,0,0.7,D,D,A
q166,2,0.0,0.0,0.6666666666666666,0.3333333333333333,C,C,A,Qwen/Qwen2.5-3B-Instruct,0,0.7,D,D,A
q166,3,0.0,1.0,0.0,0.0,B,B,A,Qwen/Qwen2.5-3B-Instruct,0,0.7,D,D,A
q167,0,0.3333333333333333,0.6666666666666666,0.0,0.0,B,B,B,Qwen/Qwen2.5-3B-Instruct,0,0.7,B,C,B
q167,1,1.0,0.0,0.0,0.0,A,A,B,Qwen/Qwen2.5-3B-Instruct,0,0.7,B,C,B
q167,2,0.0,0.0,0.3333333333333333,0.6666666666666666,D,D,B,Qwen/Qwen2.5-3B-Instruct,0,0.7,B,C,B
q167,3,0.0,0.0,1.0,0.0,C,C,B,Qwen/Qwen2.5-3B-Instruct,0,0.7,B,C,B
q168,0,0.0,0.0,1.0,0.0,C,C,C,Qwen/Qwen2.5-3B-Instruct,1,0.7,C,C,C
q168,1,0.0,1.0,0.0,0.0,B,B,C,Qwen/Qwen2.5-3B-Instruct,1,0.7,C,C,C
q168,2,0.6666666666666666,0.0,0.3333333333333333,0.0,A,A,C,Qwen/Qwen2.5-3B-Instruct,1,0.7,C,C,C
q168,3,0.0,0.0,0.0,1.0,D,D,C,Qwen/Qwen2.5-3B-Instruct,1,0.7,C,C,C
q169,0,1.0,0.0,0.0,0.0,A,A,A,Qwen/Qwen2.5-3B-Instruct,0,0.7,A,C,A
q169,1,0.0,0.0,0.0,1.0,D,D,A,Qwen/Qwen2.5-3B-Instruct,0,0.7,A,C,A
q169,2,0.0,0.0,1.0,0.0,C,C,A,Qwen/Qwen2.5-3B-Instruct,0,0.7,A,C,A
q169,3,0.0,1.0,0.0,0.0,B,B,A,Qwen/Qwen2.5-3B-Instruct,0,0.7,A,C,A
q170,0,0.0,1.0,0.0,0.0,B,C,C,Qwen/Qwen2.5-3B-Instruct,1,0.7,B,B,B
q170,1,0.6666666666666666,0.3333333333333333,0.0,0.0,A,B,C,Qwen/Qwen2.5-3B-Instruct,1,0.7,B,B,B
q170,2,0.0,0.0,0.0,1.0,D,A,C,Qwen/Qwen2.5-3B-Instruct,1,0.7,B,B,B
q170,3,0.0,0.0,0.3333333333333333,0.6666666666666666,D,D,C,Qwen/Qwen2.5-3B-Instruct,1,0.7,B,B,B
q171,0,0.3333333333333333,0.3333333333333333,0.3333333333333333,0.0,B,B,B,Qwen/Qwen2.5-3B-Instruct,0,0.7,B,C,A
q171,1,0.6666666666666666,0.0,0.0,0.3333333333333333,A,A,B,Qwen/Qwen2.5-3B-Instruct,0,0.7,B,C,A
q171,2,0.0,0.0,0.6666666666666666,0.3333333333333333,C,D,B,Qwen/Qwen2.5-3B-Instruct,0,0.7,B,C,A
q171,3,0.0,0.6666666666666666,0.3333333333333333,0.0,B,C,B,Qwen/Qwen2.5-3B-Instruct,0,0.7,B,C,A
q172,0,0.0,0.0,0.6666666666666666,0.3333333333333333,C,A,A,Qwen/Qwen2.5-3B-Instruct,0,0.7,C,D,C
q172,1,0.0,0.3333333333333333,0.0,0.6666666666666666,D,D,A,Qwen/Qwen2.5-3B-Instruct,0,0.7,C,D,C
q172,2,0.0,0.0,0.6666666666666666,0.3333333333333333,C,C,A,Qwen/Qwen2.5-3B-Instruct,0,0.7,C,D,C
q172,3,0.0,1.0,0.0,0.0,B,B,A,Qwen/Qwen2.5-3B-Instruct,0,0.7,C,D,C
q173,0,1.0,0.0,0.0,0.0,A,A,A,Qwen/Qwen2.5-3B-Instruct,1,0.7,A,A,A
q173,1,0.0,0.0,0.0,1.0,D,D,A,Qwen/Qwen2.5-3B-Instruct,1,0.7,A,A,A
q173,2,0.0,0.0,1.0,0.0,C,C,A,Qwen/Qwen2.5-3B-Instruct,1,0.7,A,A,A
q173,3,0.0,1.0,0.0,0.0,B,B,A,Qwen/Qwen2.5-3B-Instruct,1,0.7,A,A,A
q174,0,0.0,0.6666666666666666,0.3333333333333333,0.0,B,B,B,Qwen/Qwen2.5-3B-Instruct,0,0.7,B,C,B
q174,1,0.6666666666666666,0.3333333333333333,0.0,0.0,A,A,B,Qwen/Qwen2.5-3B-Instruct,0,0.7,B,C,B
q174,2,0.0,0.0,0.0,1.0,D,D,B,Qwen/Qwen2.5-3B-Instruct,0,0.7,B,C,B
q174,3,0.0,0.0,1.0,0.0,C,C,B,Qwen/Qwen2.5-3B-Instruct,0,0.7,B,C,B
q175,0,0.3333333333333333,0.0,0.6666666666666666,0.0,C,A,A,Qwen/Qwen2.5-3B-Instruct,0,0.7,C,C,A
q175,1,0.0,0.3333333333333333,0.0,0.6666666666666666,D,D,A,Qwen/Qwen2.5-3B-Instruct,0,0.7,C,C,A
q175,2,0.0,0.0,1.0,0.0,C,C,A,Qwen/Qwen2.5-3B-Instruct,0,0.7,C,C,A
q175,3,0.0,0.6666666666666666,0.0,0.3333333333333333,B,B,A,Qwen/Qwen2.5-3B-Instruct,0,0.7,C,C,A
q176,0,0.0,0.0,0.3333333333333333,0.6666666666666666,D,D,D,Qwen/Qwen2.5-3B-Instruct,0,0.7,D,C,D
q176,1,0.0,0.0,1.0,0.0,C,C,D,Qwen/Qwen2.5-3B-Instruct,0,0.7,D,C,D
q176,2,0.0,0.6666666666666666,0.0,0.3333333333333333,B,B,D,Qwen/Qwen2.5-3B-Instruct,0,0.7,D,C,D
q176,3,0.6666666666666666,0.0,0.3333333333333333,0.0,A,A,D,Qwen/Qwen2.5-3B-Instruct,0,0.7,D,C,D
q177,0,0.0,0.0,0.0,1.0,D,D,D,Qwen/Qwen2.5-3B-Instruct,1,0.7,D,D,D
q177,1,0.0,0.0,1.0,0.0,C,C,D,Qwen/Qwen2.5-3B-Instruct,1,0.7,D,D,D
q177,2,0.0,1.0,0.0,0.0,B,B,D,Qwen/Qwen2.5-3B-Instruct,1,0.7,D,D,D
q177,3,0.3333333333333333,0.0,0.3333333333333333,0.3333333333333333,D,A,D,Qwen/Qwen2.5-3B-Instruct,1,0.7,D,D,D
q178,0,0.0,1.0,0.0,0.0,B,B,B,Qwen/Qwen2.5-3B-Instruct,1,0.7,B,B,B
q178,1,1.0,0.0,0.0,0.0,A,A,B,Qwen/Qwen2.5-3B-Instruct,1,0.7,B,B,B
q178,2,0.0,0.0,0.0,1.0,D,D,B,Qwen/Qwen2.5-3B-Instruct,1,0.7,B,B,B
q178,3,0.0,0.0,1.0,0.0,C,C,B,Qwen/Qwen2.5-3B-Instruct,1,0.7,B,B,B
q179,0,0.0,1.0,0.0,0.0,B,B,B,Qwen/Qwen2.5-3B-Instruct,1,0.7,B,B,B
q179,1,1.0,0.0,0.0,0.0,A,A,B,Qwen/Qwen2.5-3B-Instruct,1,0.7,B,B,B
q179,2,0.0,0.0,0.0,1.0,D,D,B,Qwen/Qwen2.5-3B-Instruct,1,0.7,B,B,B
q179,3,0.0,0.0,1.0,0.0,C,C,B,Qwen/Qwen2.5-3B-Instruct,1,0.7,B,B,B
q180,0,0.0,0.0,0.6666666666666666,0.3333333333333333,C,C,C,Qwen/Qwen2.5-3B-Instruct,1,0.7,C,C,C
q180,1,0.0,1.0,0.0,0.0,B,B,C,Qwen/Qwen2.5-3B-Instruct,1,0.7,C,C,C
q180,2,1.0,0.0,0.0,0.0,A,A,C,Qwen/Qwen2.5-3B-Instruct,1,0.7,C,C,C
q180,3,0.0,0.0,0.0,1.0,D,D,C,Qwen/Qwen2.5-3B-Instruct,1,0.7,C,C,C
q181,0,0.0,1.0,0.0,0.0,B,B,B,Qwen/Qwen2.5-3B-Instruct,1,0.7,B,B,B
q181,1,1.0,0.0,0.0,0.0,A,A,B,Qwen/Qwen2.5-3B-Instruct,1,0.7,B,B,B
q181,2,0.0,0.0,0.0,1.0,D,D,B,Qwen/Qwen2.5-3B-Instruct,1,0.7,B,B,B
q181,3,0.0,0.0,1.0,0.0,C,C,B,Qwen/Qwen2.5-3B-Instruct,1,0.7,B,B,B
q182,0,0.0,0.0,1.0,0.0,C,C,C,Qwen/Qwen2.5-3B-Instruct,1,0.7,C,C,C
q182,1,0.0,1.0,0.0,0.0,B,B,C,Qwen/Qwen2.5-3B-Instruct,1,0.7,C,C,C
q182,2,1.0,0.0,0.0,0.0,A,A,C,Qwen/Qwen2.5-3B-Instruct,1,0.7,C,C,C
q182,3,0.0,0.0,0.0,1.0,D,D,C,Qwen/Qwen2.5-3B-Instruct,1,0.7,C,C,C
q183,0,1.0,0.0,0.0,0.0,A,A,A,Qwen/Qwen2.5-3B-Instruct,1,0.7,A,A,A
q183,1,0.0,0.0,0.0,1.0,D,D,A,Qwen/Qwen2.5-3B-Instruct,1,0.7,A,A,A
q183,2,0.0,0.0,1.0,0.0,C,C,A,Qwen/Qwen2.5-3B-Instruct,1,0.7,A,A,A
q183,3,0.0,1.0,0.0,0.0,B,B,A,Qwen/Qwen2.5-3B-Instruct,1,0.7,A,A,A
q184,0,0.0,1.0,0.0,0.0,B,C,C,Qwen/Qwen2.5-3B-Instruct,1,0.7,B,B,B
q184,1,1.0,0.0,0.0,0.0,A,B,C,Qwen/Qwen2.5-3B-Instruct,1,0.7,B,B,B
q184,2,0.0,0.0,0.3333333333333333,0.6666666666666666,D,A,C,Qwen/Qwen2.5-3B-Instruct,1,0.7,B,B,B
q184,3,0.0,0.0,1.0,0.0,C,D,C,Qwen/Qwen2.5-3B-Instruct,1,0.7,B,B,B
q185,0,0.0,0.0,1.0,0.0,C,C,C,Qwen/Qwen2.5-3B-Instruct,1,0.7,C,C,C
q185,1,0.0,1.0,0.0,0.0,B,B,C,Qwen/Qwen2.5-3B-Instruct,1,0.7,C,C,C
q185,2,1.0,0.0,0.0,0.0,A,A,C,Qwen/Qwen2.5-3B-Instruct,1,0.7,C,C,C
q185,3,0.0,0.0,0.0,1.0,D,D,C,Qwen/Qwen2.5-3B-Instruct,1,0.7,C,C,C
q186,0,0.6666666666666666,0.0,0.0,0.3333333333333333,A,A,A,Qwen/Qwen2.5-3B-Instruct,0,0.7,A,D,A
q186,1,0.0,0.0,0.0,1.0,D,D,A,Qwen/Qwen2.5-3B-Instruct,0,0.7,A,D,A
q186,2,0.0,0.0,1.0,0.0,C,C,A,Qwen/Qwen2.5-3B-Instruct,0,0.7,A,D,A
q186,3,0.0,1.0,0.0,0.0,B,B,A,Qwen/Qwen2.5-3B-Instruct,0,0.7,A,D,A
q187,0,0.0,0.3333333333333333,0.3333333333333333,0.3333333333333333,D,D,D,Qwen/Qwen2.5-3B-Instruct,0,0.7,D,C,B
q187,1,0.0,0.3333333333333333,0.0,0.6666666666666666,D,C,D,Qwen/Qwen2.5-3B-Instruct,0,0.7,D,C,B
q187,2,0.0,0.0,0.6666666666666666,0.3333333333333333,C,B,D,Qwen/Qwen2.5-3B-Instruct,0,0.7,D,C,B
q187,3,0.0,0.0,0.0,1.0,D,A,D,Qwen/Qwen2.5-3B-Instruct,0,0.7,D,C,B
q188,0,0.0,1.0,0.0,0.0,B,B,B,Qwen/Qwen2.5-3B-Instruct,1,0.7,B,B,B
q188,1,0.6666666666666666,0.0,0.0,0.3333333333333333,A,A,B,Qwen/Qwen2.5-3B-Instruct,1,0.7,B,B,B
q188,2,0.0,0.0,0.0,1.0,D,D,B,Qwen/Qwen2.5-3B-Instruct,1,0.7,B,B,B
q188,3,0.0,0.0,1.0,0.0,C,C,B,Qwen/Qwen2.5-3B-Instruct,1,0.7,B,B,B
q189,0,0.0,0.0,0.0,1.0,D,D,D,Qwen/Qwen2.5-3B-Instruct,1,0.7,D,D,D
q189,1,0.0,0.0,1.0,0.0,C,C,D,Qwen/Qwen2.5-3B-Instruct,1,0.7,D,D,D
q189,2,0.0,1.0,0.0,0.0,B,B,D,Qwen/Qwen2.5-3B-Instruct,1,0.7,D,D,D
q189,3,1.0,0.0,0.0,0.0,A,A,D,Qwen/Qwen2.5-3B-Instruct,1,0.7,D,D,D
q190,0,0.0,0.0,1.0,0.0,C,C,C,Qwen/Qwen2.5-3B-Instruct,1,0.7,C,C,C
q190,1,0.0,1.0,0.0,0.0,B,B,C,Qwen/Qwen2.5-3B-Instruct,1,0.7,C,C,C
q190,2,1.0,0.0,0.0,0.0,A,A,C,Qwen/Qwen2.5-3B-Instruct,1,0.7,C,C,C
q190,3,0.0,0.0,0.0,1.0,D,D,C,Qwen/Qwen2.5-3B-Instruct,1,0.7,C,C,C
q191,0,0.0,0.0,1.0,0.0,C,C,C,Qwen/Qwen2.5-3B-Instruct,1,0.7,C,C,C
q191,1,0.0,1.0,0.0,0.0,B,B,C,Qwen/Qwen2.5-3B-Instruct,1,0.7,C,C,C
q191,2,1.0,0.0,0.0,0.0,A,A,C,Qwen/Qwen2.5-3B-Instruct,1,0.7,C,C,C
q191,3,0.0,0.0,0.0,1.0,D,D,C,Qwen/Qwen2.5-3B-Instruct,1,0.7,C,C,C
q192,0,0.3333333333333333,0.0,0.0,0.6666666666666666,D,D,D,Qwen/Qwen2.5-3B-Instruct,0,0.7,D,C,D
q192,1,0.0,0.0,1.0,0.0,C,C,D,Qwen/Qwen2.5-3B-Instruct,0,0.7,D,C,D
q192,2,0.3333333333333333,0.6666666666666666,0.0,0.0,B,B,D,Qwen/Qwen2.5-3B-Instruct,0,0.7,D,C,D
q192,3,1.0,0.0,0.0,0.0,A,A,D,Qwen/Qwen2.5-3B-Instruct,0,0.7,D,C,D
q193,0,0.0,0.0,1.0,0.0,C,A,A,Qwen/Qwen2.5-3B-Instruct,1,0.7,C,C,C
q193,1,0.0,0.0,0.0,1.0,D,D,A,Qwen/Qwen2.5-3B-Instruct,1,0.7,C,C,C
q193,2,0.0,0.0,1.0,0.0,C,C,A,Qwen/Qwen2.5-3B-Instruct,1,0.7,C,C,C
q193,3,0.0,1.0,0.0,0.0,B,B,A,Qwen/Qwen2.5-3B-Instruct,1,0.7,C,C,C
q194,0,0.0,0.0,1.0,0.0,C,C,C,Qwen/Qwen2.5-3B-Instruct,1,0.7,C,C,C
q194,1,0.0,0.6666666666666666,0.3333333333333333,0.0,B,B,C,Qwen/Qwen2.5-3B-Instruct,1,0.7,C,C,C
q194,2,0.0,1.0,0.0,0.0,B,A,C,Qwen/Qwen2.5-3B-Instruct,1,0.7,C,C,C
q194,3,0.0,0.0,0.0,1.0,D,D,C,Qwen/Qwen2.5-3B-Instruct,1,0.7,C,C,C
q195,0,0.0,1.0,0.0,0.0,B,B,B,Qwen/Qwen2.5-3B-Instruct,1,0.7,B,B,B
q195,1,0.6666666666666666,0.0,0.0,0.3333333333333333,A,A,B,Qwen/Qwen2.5-3B-Instruct,1,0.7,B,B,B
q195,2,0.0,0.0,0.0,1.0,D,D,B,Qwen/Qwen2.5-3B-Instruct,1,0.7,B,B,B
q195,3,0.0,0.0,1.0,0.0,C,C,B,Qwen/Qwen2.5-3B-Instruct,1,0.7,B,B,B
q196,0,0.0,0.6666666666666666,0.0,0.3333333333333333,B,B,B,Qwen/Qwen2.5-3B-Instruct,0,0.7,B,D,B
q196,1,1.0,0.0,0.0,0.0,A,A,B,Qwen/Qwen2.5-3B-Instruct,0,0.7,B,D,B
q196,2,0.0,0.0,0.0,1.0,D,D,B,Qwen/Qwen2.5-3B-Instruct,0,0.7,B,D,B
q196,3,0.0,0.0,1.0,0.0,C,C,B,Qwen/Qwen2.5-3B-Instruct,0,0.7,B,D,B
q197,0,0.0,0.0,0.0,1.0,D,D,D,Qwen/Qwen2.5-3B-Instruct,1,0.7,D,D,D
q197,1,0.0,0.0,1.0,0.0,C,C,D,Qwen/Qwen2.5-3B-Instruct,1,0.7,D,D,D
q197,2,0.0,1.0,0.0,0.0,B,B,D,Qwen/Qwen2.5-3B-Instruct,1,0.7,D,D,D
q197,3,1.0,0.0,0.0,0.0,A,A,D,Qwen/Qwen2.5-3B-Instruct,1,0.7,D,D,D
q198,0,0.0,0.0,0.0,1.0,D,C,C,Qwen/Qwen2.5-3B-Instruct,1,0.7,D,D,D
q198,1,0.0,0.6666666666666666,0.3333333333333333,0.0,B,B,C,Qwen/Qwen2.5-3B-Instruct,1,0.7,D,D,D
q198,2,0.3333333333333333,0.6666666666666666,0.0,0.0,B,A,C,Qwen/Qwen2.5-3B-Instruct,1,0.7,D,D,D
q198,3,0.3333333333333333,0.3333333333333333,0.0,0.3333333333333333,B,D,C,Qwen/Qwen2.5-3B-Instruct,1,0.7,D,D,D
q199,0,0.0,0.0,0.0,1.0,D,D,D,Qwen/Qwen2.5-3B-Instruct,1,0.7,D,D,D
q199,1,0.0,0.0,1.0,0.0,C,C,D,Qwen/Qwen2.5-3B-Instruct,1,0.7,D,D,D
q199,2,0.0,1.0,0.0,0.0,B,B,D,Qwen/Qwen2.5-3B-Instruct,1,0.7,D,D,D
q199,3,0.3333333333333333,0.6666666666666666,0.0,0.0,B,A,D,Qwen/Qwen2.5-3B-Instruct,1,0.7,D,D,D
q200,0,0.0,0.6666666666666666,0.3333333333333333,0.0,B,B,B,Qwen/Qwen2.5-3B-Instruct,0,0.7,B,C,B
q200,1,0.6666666666666666,0.3333333333333333,0.0,0.0,A,A,B,Qwen/Qwen2.5-3B-Instruct,0,0.7,B,C,B
q200,2,0.0,0.0,0.0,1.0,D,D,B,Qwen/Qwen2.5-3B-Instruct,0,0.7,B,C,B
q200,3,0.0,0.0,0.6666666666666666,0.3333333333333333,C,C,B,Qwen/Qwen2.5-3B-Instruct,0,0.7,B,C,B
q201,0,0.0,0.6666666666666666,0.3333333333333333,0.0,B,B,B,Qwen/Qwen2.5-3B-Instruct,0,0.7,B,C,B
q201,1,0.6666666666666666,0.0,0.3333333333333333,0.0,A,A,B,Qwen/Qwen2.5-3B-Instruct,0,0.7,B,C,B
q201,2,0.0,0.0,0.3333333333333333,0.6666666666666666,D,D,B,Qwen/Qwen2.5-3B-Instruct,0,0.7,B,C,B
q201,3,0.0,0.0,1.0,0.0,C,C,B,Qwen/Qwen2.5-3B-Instruct,0,0.7,B,C,B
