question_id,permutation_idx,model,predicted_answer,correct_position,original_correct,is_correct,prob_A,prob_B,prob_C,prob_D,sample_count_A,sample_count_B,sample_count_C,sample_count_D,total_valid_samples,question,is_correct_fixed,debiased_predicted_answer,debiased_is_correct
q1,0,gemma3:12b,C,C,C,1,0.0,0.0,1.0,0.0,0,0,15,0,15,Mass-society theory suggests that:,1,C,1
q1,1,gemma3:12b,A,B,C,0,1.0,0.0,0.0,0.0,15,0,0,0,15,Mass-society theory suggests that:,0,A,0
q1,2,gemma3:12b,A,A,C,1,1.0,0.0,0.0,0.0,15,0,0,0,15,Mass-society theory suggests that:,1,A,1
q1,3,gemma3:12b,D,D,C,1,0.0,0.0,0.0,1.0,0,0,0,15,15,Mass-society theory suggests that:,1,D,1
q2,0,gemma3:12b,A,A,A,1,1.0,0.0,0.0,0.0,15,0,0,0,15,The ecological approach to urban sociology involved studying:,1,A,1
q2,1,gemma3:12b,D,D,A,1,0.0,0.0,0.0,1.0,0,0,0,15,15,The ecological approach to urban sociology involved studying:,1,D,1
q2,2,gemma3:12b,C,C,A,1,0.0,0.0,1.0,0.0,0,0,15,0,15,The ecological approach to urban sociology involved studying:,1,C,1
q2,3,gemma3:12b,B,B,A,1,0.0,1.0,0.0,0.0,0,15,0,0,15,The ecological approach to urban sociology involved studying:,1,B,1
q3,0,gemma3:12b,B,B,B,1,0.0,1.0,0.0,0.0,0,15,0,0,15,Becker proclaimed that cannabis use was:,1,B,1
q3,1,gemma3:12b,A,A,B,1,1.0,0.0,0.0,0.0,15,0,0,0,15,Becker proclaimed that cannabis use was:,1,A,1
q3,2,gemma3:12b,D,D,B,1,0.0,0.0,0.0,1.0,0,0,0,15,15,Becker proclaimed that cannabis use was:,1,D,1
q3,3,gemma3:12b,C,C,B,1,0.0,0.0,1.0,0.0,0,0,15,0,15,Becker proclaimed that cannabis use was:,1,C,1
q4,0,gemma3:12b,D,D,D,1,0.0,0.0,0.0,1.0,0,0,0,15,15,The middle classes that developed over the nineteenth century were:,1,D,1
q4,1,gemma3:12b,B,C,D,0,0.0,0.5333333333333333,0.4666666666666667,0.0,0,8,7,0,15,The middle classes that developed over the nineteenth century were:,0,B,0
q4,2,gemma3:12b,B,B,D,1,0.0,1.0,0.0,0.0,0,15,0,0,15,The middle classes that developed over the nineteenth century were:,1,B,1
q4,3,gemma3:12b,D,A,D,0,0.0,0.0,0.0,1.0,0,0,0,15,15,The middle classes that developed over the nineteenth century were:,0,D,0
q5,0,gemma3:12b,D,D,D,1,0.0,0.0,0.0,1.0,0,0,0,15,15,Technological forms of surveillance have made it easier to:,1,D,1
q5,1,gemma3:12b,C,C,D,1,0.0,0.0,1.0,0.0,0,0,15,0,15,Technological forms of surveillance have made it easier to:,1,C,1
q5,2,gemma3:12b,B,B,D,1,0.0,1.0,0.0,0.0,0,15,0,0,15,Technological forms of surveillance have made it easier to:,1,B,1
q5,3,gemma3:12b,A,A,D,1,1.0,0.0,0.0,0.0,15,0,0,0,15,Technological forms of surveillance have made it easier to:,1,A,1
q6,0,gemma3:12b,B,B,B,1,0.0,1.0,0.0,0.0,0,15,0,0,15,The concept of gemeinschaft developed by Ferdinand Tönnies describes basically the same relational characteristics as,1,B,1
q6,1,gemma3:12b,D,A,B,0,0.0,0.0,0.0,1.0,0,0,0,15,15,The concept of gemeinschaft developed by Ferdinand Tönnies describes basically the same relational characteristics as,0,D,0
q6,2,gemma3:12b,D,D,B,1,0.0,0.0,0.0,1.0,0,0,0,15,15,The concept of gemeinschaft developed by Ferdinand Tönnies describes basically the same relational characteristics as,1,D,1
q6,3,gemma3:12b,D,C,B,0,0.0,0.0,0.0,1.0,0,0,0,15,15,The concept of gemeinschaft developed by Ferdinand Tönnies describes basically the same relational characteristics as,0,D,0
q7,0,gemma3:12b,C,D,D,0,0.0,0.0,1.0,0.0,0,0,15,0,15,There was a growth in income inequality in the 1980s because:,0,C,0
q7,1,gemma3:12b,B,C,D,0,0.0,1.0,0.0,0.0,0,15,0,0,15,There was a growth in income inequality in the 1980s because:,0,B,0
q7,2,gemma3:12b,A,B,D,0,1.0,0.0,0.0,0.0,15,0,0,0,15,There was a growth in income inequality in the 1980s because:,0,A,0
q7,3,gemma3:12b,D,A,D,0,0.0,0.0,0.0,1.0,0,0,0,15,15,There was a growth in income inequality in the 1980s because:,0,D,0
q8,0,gemma3:12b,B,B,B,1,0.0,1.0,0.0,0.0,0,15,0,0,15,"If a deviant act is 'normalized', it is:",1,B,1
q8,1,gemma3:12b,D,A,B,0,0.0,0.0,0.0,1.0,0,0,0,15,15,"If a deviant act is 'normalized', it is:",0,D,0
q8,2,gemma3:12b,D,D,B,1,0.0,0.0,0.0,1.0,0,0,0,15,15,"If a deviant act is 'normalized', it is:",1,D,1
q8,3,gemma3:12b,C,C,B,1,0.0,0.0,1.0,0.0,0,0,15,0,15,"If a deviant act is 'normalized', it is:",1,C,1
q9,0,gemma3:12b,A,A,A,1,1.0,0.0,0.0,0.0,15,0,0,0,15,"In the debate about the 'managerial revolution', John Scott (1997) argued that:",1,A,1
q9,1,gemma3:12b,A,D,A,0,0.6666666666666666,0.0,0.0,0.3333333333333333,10,0,0,5,15,"In the debate about the 'managerial revolution', John Scott (1997) argued that:",0,A,0
q9,2,gemma3:12b,D,C,A,0,0.0,0.0,0.0,1.0,0,0,0,15,15,"In the debate about the 'managerial revolution', John Scott (1997) argued that:",0,D,0
q9,3,gemma3:12b,B,B,A,1,0.0,1.0,0.0,0.0,0,15,0,0,15,"In the debate about the 'managerial revolution', John Scott (1997) argued that:",1,B,1
q10,0,gemma3:12b,D,C,C,0,0.0,0.0,0.0,1.0,0,0,0,15,15,Marxist feminists explain patriarchy in terms of:,0,D,0
q10,1,gemma3:12b,C,B,C,0,0.0,0.0,1.0,0.0,0,0,15,0,15,Marxist feminists explain patriarchy in terms of:,0,C,0
q10,2,gemma3:12b,B,A,C,0,0.0,1.0,0.0,0.0,0,15,0,0,15,Marxist feminists explain patriarchy in terms of:,0,B,0
q10,3,gemma3:12b,A,D,C,0,1.0,0.0,0.0,0.0,15,0,0,0,15,Marxist feminists explain patriarchy in terms of:,0,A,0
q11,0,gemma3:12b,B,B,B,1,0.0,1.0,0.0,0.0,0,15,0,0,15,Which of the following was not defined by Giddens (1998) as part of New Labour's 'third way':,1,B,1
q11,1,gemma3:12b,A,A,B,1,1.0,0.0,0.0,0.0,15,0,0,0,15,Which of the following was not defined by Giddens (1998) as part of New Labour's 'third way':,1,A,1
q11,2,gemma3:12b,D,D,B,1,0.0,0.0,0.0,1.0,0,0,0,15,15,Which of the following was not defined by Giddens (1998) as part of New Labour's 'third way':,1,D,1
q11,3,gemma3:12b,C,C,B,1,0.0,0.0,1.0,0.0,0,0,15,0,15,Which of the following was not defined by Giddens (1998) as part of New Labour's 'third way':,1,C,1
q12,0,gemma3:12b,D,D,D,1,0.0,0.0,0.0,1.0,0,0,0,15,15,Anti-psychiatrists like Laing & Esterson believed that:,1,D,1
q12,1,gemma3:12b,C,C,D,1,0.0,0.0,1.0,0.0,0,0,15,0,15,Anti-psychiatrists like Laing & Esterson believed that:,1,C,1
q12,2,gemma3:12b,B,B,D,1,0.0,1.0,0.0,0.0,0,15,0,0,15,Anti-psychiatrists like Laing & Esterson believed that:,1,B,1
q12,3,gemma3:12b,A,A,D,1,1.0,0.0,0.0,0.0,15,0,0,0,15,Anti-psychiatrists like Laing & Esterson believed that:,1,A,1
q13,0,gemma3:12b,A,A,A,1,1.0,0.0,0.0,0.0,15,0,0,0,15,Butler & Stokes (1969) suggested that working class support for the Labour Party arose from:,1,A,1
q13,1,gemma3:12b,D,D,A,1,0.0,0.0,0.0,1.0,0,0,0,15,15,Butler & Stokes (1969) suggested that working class support for the Labour Party arose from:,1,D,1
q13,2,gemma3:12b,C,C,A,1,0.0,0.0,1.0,0.0,0,0,15,0,15,Butler & Stokes (1969) suggested that working class support for the Labour Party arose from:,1,C,1
q13,3,gemma3:12b,B,B,A,1,0.0,1.0,0.0,0.0,0,15,0,0,15,Butler & Stokes (1969) suggested that working class support for the Labour Party arose from:,1,B,1
q14,0,gemma3:12b,A,A,A,1,1.0,0.0,0.0,0.0,15,0,0,0,15,"In contemporary societies, social institutions are:",1,A,1
q14,1,gemma3:12b,D,D,A,1,0.0,0.0,0.0,1.0,0,0,0,15,15,"In contemporary societies, social institutions are:",1,D,1
q14,2,gemma3:12b,C,C,A,1,0.0,0.0,1.0,0.0,0,0,15,0,15,"In contemporary societies, social institutions are:",1,C,1
q14,3,gemma3:12b,B,B,A,1,0.0,1.0,0.0,0.0,0,15,0,0,15,"In contemporary societies, social institutions are:",1,B,1
q15,0,gemma3:12b,A,A,A,1,1.0,0.0,0.0,0.0,15,0,0,0,15,The term 'emotion work' (Hochschild 1983) refers to:,1,A,1
q15,1,gemma3:12b,D,D,A,1,0.0,0.0,0.0,1.0,0,0,0,15,15,The term 'emotion work' (Hochschild 1983) refers to:,1,D,1
q15,2,gemma3:12b,C,C,A,1,0.0,0.0,1.0,0.0,0,0,15,0,15,The term 'emotion work' (Hochschild 1983) refers to:,1,C,1
q15,3,gemma3:12b,B,B,A,1,0.0,1.0,0.0,0.0,0,15,0,0,15,The term 'emotion work' (Hochschild 1983) refers to:,1,B,1
q17,0,gemma3:12b,A,A,A,1,1.0,0.0,0.0,0.0,15,0,0,0,15,"The four ideal types of social action that Weber identified were as follows: instrumentally-rational, value-rational, traditional, and...",1,A,1
q17,1,gemma3:12b,A,D,A,0,1.0,0.0,0.0,0.0,15,0,0,0,15,"The four ideal types of social action that Weber identified were as follows: instrumentally-rational, value-rational, traditional, and...",0,A,0
q17,2,gemma3:12b,D,C,A,0,0.0,0.0,0.0,1.0,0,0,0,15,15,"The four ideal types of social action that Weber identified were as follows: instrumentally-rational, value-rational, traditional, and...",0,D,0
q17,3,gemma3:12b,B,B,A,1,0.0,1.0,0.0,0.0,0,15,0,0,15,"The four ideal types of social action that Weber identified were as follows: instrumentally-rational, value-rational, traditional, and...",1,B,1
q18,0,gemma3:12b,B,A,A,0,0.0,1.0,0.0,0.0,0,15,0,0,15,An ecclesia is:,0,B,0
q18,1,gemma3:12b,A,D,A,0,1.0,0.0,0.0,0.0,15,0,0,0,15,An ecclesia is:,0,A,0
q18,2,gemma3:12b,D,C,A,0,0.0,0.0,0.0,1.0,0,0,0,15,15,An ecclesia is:,0,D,0
q18,3,gemma3:12b,C,B,A,0,0.0,0.0,1.0,0.0,0,0,15,0,15,An ecclesia is:,0,C,0
q19,0,gemma3:12b,C,A,A,0,0.0,0.0,1.0,0.0,0,0,15,0,15,"After slavery was abolished in the USA and British Empire, policy makers claimed that former slaves migrating to these cities would experience:",0,C,0
q19,1,gemma3:12b,B,D,A,0,0.0,1.0,0.0,0.0,0,15,0,0,15,"After slavery was abolished in the USA and British Empire, policy makers claimed that former slaves migrating to these cities would experience:",0,B,0
q19,2,gemma3:12b,A,C,A,0,1.0,0.0,0.0,0.0,15,0,0,0,15,"After slavery was abolished in the USA and British Empire, policy makers claimed that former slaves migrating to these cities would experience:",0,A,0
q19,3,gemma3:12b,D,B,A,0,0.0,0.0,0.0,1.0,0,0,0,15,15,"After slavery was abolished in the USA and British Empire, policy makers claimed that former slaves migrating to these cities would experience:",0,D,0
q20,0,gemma3:12b,A,A,A,1,1.0,0.0,0.0,0.0,15,0,0,0,15,Sutherland's study of the 'professional thief' suggested that:,1,A,1
q20,1,gemma3:12b,D,D,A,1,0.0,0.0,0.0,1.0,0,0,0,15,15,Sutherland's study of the 'professional thief' suggested that:,1,D,1
q20,2,gemma3:12b,C,C,A,1,0.0,0.0,1.0,0.0,0,0,15,0,15,Sutherland's study of the 'professional thief' suggested that:,1,C,1
q20,3,gemma3:12b,B,B,A,1,0.0,1.0,0.0,0.0,0,15,0,0,15,Sutherland's study of the 'professional thief' suggested that:,1,B,1
q21,0,gemma3:12b,A,C,C,0,0.5333333333333333,0.0,0.0,0.4666666666666667,8,0,0,7,15,Which of the following policies did the New Labour government not pursue?,0,A,0
q21,1,gemma3:12b,D,B,C,0,0.0,0.4666666666666667,0.0,0.5333333333333333,0,7,0,8,15,Which of the following policies did the New Labour government not pursue?,0,D,0
q21,2,gemma3:12b,C,A,C,0,0.0,0.0,1.0,0.0,0,0,15,0,15,Which of the following policies did the New Labour government not pursue?,0,C,0
q21,3,gemma3:12b,A,D,C,0,1.0,0.0,0.0,0.0,15,0,0,0,15,Which of the following policies did the New Labour government not pursue?,0,A,0
q22,0,gemma3:12b,C,C,C,1,0.0,0.0,1.0,0.0,0,0,15,0,15,"Stone's research suggests that prior to industrialization, the nuclear family:",1,C,1
q22,1,gemma3:12b,B,B,C,1,0.0,1.0,0.0,0.0,0,15,0,0,15,"Stone's research suggests that prior to industrialization, the nuclear family:",1,B,1
q22,2,gemma3:12b,D,A,C,0,0.0,0.0,0.0,1.0,0,0,0,15,15,"Stone's research suggests that prior to industrialization, the nuclear family:",0,D,0
q22,3,gemma3:12b,D,D,C,1,0.0,0.0,0.0,1.0,0,0,0,15,15,"Stone's research suggests that prior to industrialization, the nuclear family:",1,D,1
q23,0,gemma3:12b,B,B,B,1,0.0,1.0,0.0,0.0,0,15,0,0,15,"Statistics about rural, suburban, and urban patterns of development and mobility are almost always reported based on a geographical area labeled as Metropolitan Statistical Areas (MSA). What constitutes an MSA?",1,B,1
q23,1,gemma3:12b,A,A,B,1,1.0,0.0,0.0,0.0,15,0,0,0,15,"Statistics about rural, suburban, and urban patterns of development and mobility are almost always reported based on a geographical area labeled as Metropolitan Statistical Areas (MSA). What constitutes an MSA?",1,A,1
q23,2,gemma3:12b,D,D,B,1,0.0,0.0,0.0,1.0,0,0,0,15,15,"Statistics about rural, suburban, and urban patterns of development and mobility are almost always reported based on a geographical area labeled as Metropolitan Statistical Areas (MSA). What constitutes an MSA?",1,D,1
q23,3,gemma3:12b,C,C,B,1,0.0,0.0,1.0,0.0,0,0,15,0,15,"Statistics about rural, suburban, and urban patterns of development and mobility are almost always reported based on a geographical area labeled as Metropolitan Statistical Areas (MSA). What constitutes an MSA?",1,C,1
q24,0,gemma3:12b,D,D,D,1,0.0,0.0,0.0,1.0,0,0,0,15,15,Mosca and Pareto identified the ruling elite as:,1,D,1
q24,1,gemma3:12b,C,C,D,1,0.0,0.0,1.0,0.0,0,0,15,0,15,Mosca and Pareto identified the ruling elite as:,1,C,1
q24,2,gemma3:12b,B,B,D,1,0.0,1.0,0.0,0.0,0,15,0,0,15,Mosca and Pareto identified the ruling elite as:,1,B,1
q24,3,gemma3:12b,D,A,D,0,0.0,0.0,0.0,1.0,0,0,0,15,15,Mosca and Pareto identified the ruling elite as:,0,D,0
q25,0,gemma3:12b,C,C,C,1,0.0,0.0,1.0,0.0,0,0,15,0,15,Bourdieu attributed the reproduction of class to:,1,C,1
q25,1,gemma3:12b,B,B,C,1,0.0,1.0,0.0,0.0,0,15,0,0,15,Bourdieu attributed the reproduction of class to:,1,B,1
q25,2,gemma3:12b,A,A,C,1,1.0,0.0,0.0,0.0,15,0,0,0,15,Bourdieu attributed the reproduction of class to:,1,A,1
q25,3,gemma3:12b,D,D,C,1,0.0,0.0,0.0,1.0,0,0,0,15,15,Bourdieu attributed the reproduction of class to:,1,D,1
q26,0,gemma3:12b,C,C,C,1,0.0,0.0,1.0,0.0,0,0,15,0,15,Secularization involves the two related ideas of:,1,C,1
q26,1,gemma3:12b,B,B,C,1,0.0,1.0,0.0,0.0,0,15,0,0,15,Secularization involves the two related ideas of:,1,B,1
q26,2,gemma3:12b,A,A,C,1,1.0,0.0,0.0,0.0,15,0,0,0,15,Secularization involves the two related ideas of:,1,A,1
q26,3,gemma3:12b,D,D,C,1,0.0,0.0,0.0,1.0,0,0,0,15,15,Secularization involves the two related ideas of:,1,D,1
q27,0,gemma3:12b,A,A,A,1,1.0,0.0,0.0,0.0,15,0,0,0,15,The general fertility rate fell between 1964 and 2000 because of:,1,A,1
q27,1,gemma3:12b,D,D,A,1,0.0,0.0,0.0,1.0,0,0,0,15,15,The general fertility rate fell between 1964 and 2000 because of:,1,D,1
q27,2,gemma3:12b,C,C,A,1,0.0,0.0,1.0,0.0,0,0,15,0,15,The general fertility rate fell between 1964 and 2000 because of:,1,C,1
q27,3,gemma3:12b,B,B,A,1,0.0,1.0,0.0,0.0,0,15,0,0,15,The general fertility rate fell between 1964 and 2000 because of:,1,B,1
q28,0,gemma3:12b,A,A,A,1,1.0,0.0,0.0,0.0,15,0,0,0,15,Howard's idea of the garden city consisted of:,1,A,1
q28,1,gemma3:12b,D,D,A,1,0.0,0.0,0.0,1.0,0,0,0,15,15,Howard's idea of the garden city consisted of:,1,D,1
q28,2,gemma3:12b,D,C,A,0,0.0,0.0,0.0,1.0,0,0,0,15,15,Howard's idea of the garden city consisted of:,0,D,0
q28,3,gemma3:12b,B,B,A,1,0.0,1.0,0.0,0.0,0,15,0,0,15,Howard's idea of the garden city consisted of:,1,B,1
q29,0,gemma3:12b,A,A,A,1,1.0,0.0,0.0,0.0,15,0,0,0,15,The 'third age' of the life course is said to involve:,1,A,1
q29,1,gemma3:12b,B,D,A,0,0.0,1.0,0.0,0.0,0,15,0,0,15,The 'third age' of the life course is said to involve:,0,B,0
q29,2,gemma3:12b,A,C,A,0,1.0,0.0,0.0,0.0,15,0,0,0,15,The 'third age' of the life course is said to involve:,0,A,0
q29,3,gemma3:12b,B,B,A,1,0.0,1.0,0.0,0.0,0,15,0,0,15,The 'third age' of the life course is said to involve:,1,B,1
q30,0,gemma3:12b,B,B,B,1,0.0,1.0,0.0,0.0,0,15,0,0,15,Weber (1919) said that the state's monopoly of the use of force was legitimated by:,1,B,1
q30,1,gemma3:12b,A,A,B,1,1.0,0.0,0.0,0.0,15,0,0,0,15,Weber (1919) said that the state's monopoly of the use of force was legitimated by:,1,A,1
q30,2,gemma3:12b,D,D,B,1,0.0,0.0,0.0,1.0,0,0,0,15,15,Weber (1919) said that the state's monopoly of the use of force was legitimated by:,1,D,1
q30,3,gemma3:12b,C,C,B,1,0.0,0.0,1.0,0.0,0,0,15,0,15,Weber (1919) said that the state's monopoly of the use of force was legitimated by:,1,C,1
q32,0,gemma3:12b,C,C,C,1,0.0,0.0,1.0,0.0,0,0,15,0,15,The shift from custodial to joint parenthood after divorce means that:,1,C,1
q32,1,gemma3:12b,B,B,C,1,0.0,1.0,0.0,0.0,0,15,0,0,15,The shift from custodial to joint parenthood after divorce means that:,1,B,1
q32,2,gemma3:12b,A,A,C,1,1.0,0.0,0.0,0.0,15,0,0,0,15,The shift from custodial to joint parenthood after divorce means that:,1,A,1
q32,3,gemma3:12b,D,D,C,1,0.0,0.0,0.0,1.0,0,0,0,15,15,The shift from custodial to joint parenthood after divorce means that:,1,D,1
q33,0,gemma3:12b,B,B,B,1,0.0,1.0,0.0,0.0,0,15,0,0,15,Émile Durkheim believed the primary focus of sociology should be which of the following?,1,B,1
q33,1,gemma3:12b,A,A,B,1,1.0,0.0,0.0,0.0,15,0,0,0,15,Émile Durkheim believed the primary focus of sociology should be which of the following?,1,A,1
q33,2,gemma3:12b,D,D,B,1,0.0,0.0,0.0,1.0,0,0,0,15,15,Émile Durkheim believed the primary focus of sociology should be which of the following?,1,D,1
q33,3,gemma3:12b,C,C,B,1,0.0,0.0,1.0,0.0,0,0,15,0,15,Émile Durkheim believed the primary focus of sociology should be which of the following?,1,C,1
q34,0,gemma3:12b,A,A,A,1,1.0,0.0,0.0,0.0,15,0,0,0,15,"The term ""sociology"" was coined in the early 1800s by which of the following?",1,A,1
q34,1,gemma3:12b,D,D,A,1,0.0,0.0,0.0,1.0,0,0,0,15,15,"The term ""sociology"" was coined in the early 1800s by which of the following?",1,D,1
q34,2,gemma3:12b,C,C,A,1,0.0,0.0,1.0,0.0,0,0,15,0,15,"The term ""sociology"" was coined in the early 1800s by which of the following?",1,C,1
q34,3,gemma3:12b,B,B,A,1,0.0,1.0,0.0,0.0,0,15,0,0,15,"The term ""sociology"" was coined in the early 1800s by which of the following?",1,B,1
q35,0,gemma3:12b,A,A,A,1,1.0,0.0,0.0,0.0,15,0,0,0,15,"In their study of depression, Brown & Harris (1978) found that:",1,A,1
q35,1,gemma3:12b,D,D,A,1,0.0,0.0,0.0,1.0,0,0,0,15,15,"In their study of depression, Brown & Harris (1978) found that:",1,D,1
q35,2,gemma3:12b,C,C,A,1,0.0,0.0,1.0,0.0,0,0,15,0,15,"In their study of depression, Brown & Harris (1978) found that:",1,C,1
q35,3,gemma3:12b,B,B,A,1,0.0,1.0,0.0,0.0,0,15,0,0,15,"In their study of depression, Brown & Harris (1978) found that:",1,B,1
q36,0,gemma3:12b,A,A,A,1,1.0,0.0,0.0,0.0,15,0,0,0,15,The alternative form of 'network organization' means that:,1,A,1
q36,1,gemma3:12b,D,D,A,1,0.0,0.0,0.0,1.0,0,0,0,15,15,The alternative form of 'network organization' means that:,1,D,1
q36,2,gemma3:12b,A,C,A,0,1.0,0.0,0.0,0.0,15,0,0,0,15,The alternative form of 'network organization' means that:,0,A,0
q36,3,gemma3:12b,B,B,A,1,0.0,1.0,0.0,0.0,0,15,0,0,15,The alternative form of 'network organization' means that:,1,B,1
q37,0,gemma3:12b,A,A,A,1,1.0,0.0,0.0,0.0,15,0,0,0,15,Margaret Mead suggested that:,1,A,1
q37,1,gemma3:12b,D,D,A,1,0.0,0.0,0.0,1.0,0,0,0,15,15,Margaret Mead suggested that:,1,D,1
q37,2,gemma3:12b,C,C,A,1,0.0,0.0,1.0,0.0,0,0,15,0,15,Margaret Mead suggested that:,1,C,1
q37,3,gemma3:12b,B,B,A,1,0.0,1.0,0.0,0.0,0,15,0,0,15,Margaret Mead suggested that:,1,B,1
q38,0,gemma3:12b,C,D,D,0,0.0,0.0,1.0,0.0,0,0,15,0,15,The term 'secondary deviation' refers to:,0,C,0
q38,1,gemma3:12b,B,C,D,0,0.0,1.0,0.0,0.0,0,15,0,0,15,The term 'secondary deviation' refers to:,0,B,0
q38,2,gemma3:12b,A,B,D,0,1.0,0.0,0.0,0.0,15,0,0,0,15,The term 'secondary deviation' refers to:,0,A,0
q38,3,gemma3:12b,D,A,D,0,0.0,0.0,0.0,1.0,0,0,0,15,15,The term 'secondary deviation' refers to:,0,D,0
q39,0,gemma3:12b,B,B,B,1,0.0,1.0,0.0,0.0,0,15,0,0,15,The effect of the Internet upon the public sphere has been to:,1,B,1
q39,1,gemma3:12b,A,A,B,1,1.0,0.0,0.0,0.0,15,0,0,0,15,The effect of the Internet upon the public sphere has been to:,1,A,1
q39,2,gemma3:12b,D,D,B,1,0.0,0.0,0.0,1.0,0,0,0,15,15,The effect of the Internet upon the public sphere has been to:,1,D,1
q39,3,gemma3:12b,C,C,B,1,0.0,0.0,1.0,0.0,0,0,15,0,15,The effect of the Internet upon the public sphere has been to:,1,C,1
q40,0,gemma3:12b,D,D,D,1,0.0,0.0,0.0,1.0,0,0,0,15,15,Weber said that the 'spirit of capitalism' could be traced back to:,1,D,1
q40,1,gemma3:12b,C,C,D,1,0.0,0.0,1.0,0.0,0,0,15,0,15,Weber said that the 'spirit of capitalism' could be traced back to:,1,C,1
q40,2,gemma3:12b,B,B,D,1,0.0,1.0,0.0,0.0,0,15,0,0,15,Weber said that the 'spirit of capitalism' could be traced back to:,1,B,1
q40,3,gemma3:12b,A,A,D,1,1.0,0.0,0.0,0.0,15,0,0,0,15,Weber said that the 'spirit of capitalism' could be traced back to:,1,A,1
q41,0,gemma3:12b,A,A,A,1,1.0,0.0,0.0,0.0,15,0,0,0,15,The terms 'crisis of the 1970s' is used to refer to:,1,A,1
q41,1,gemma3:12b,D,D,A,1,0.0,0.0,0.0,1.0,0,0,0,15,15,The terms 'crisis of the 1970s' is used to refer to:,1,D,1
q41,2,gemma3:12b,C,C,A,1,0.0,0.0,1.0,0.0,0,0,15,0,15,The terms 'crisis of the 1970s' is used to refer to:,1,C,1
q41,3,gemma3:12b,B,B,A,1,0.0,1.0,0.0,0.0,0,15,0,0,15,The terms 'crisis of the 1970s' is used to refer to:,1,B,1
q42,0,gemma3:12b,B,B,B,1,0.0,1.0,0.0,0.0,0,15,0,0,15,The Macpherson Report highlighted the increasing problem of:,1,B,1
q42,1,gemma3:12b,A,A,B,1,1.0,0.0,0.0,0.0,15,0,0,0,15,The Macpherson Report highlighted the increasing problem of:,1,A,1
q42,2,gemma3:12b,D,D,B,1,0.0,0.0,0.0,1.0,0,0,0,15,15,The Macpherson Report highlighted the increasing problem of:,1,D,1
q42,3,gemma3:12b,C,C,B,1,0.0,0.0,1.0,0.0,0,0,15,0,15,The Macpherson Report highlighted the increasing problem of:,1,C,1
q43,0,gemma3:12b,C,C,C,1,0.0,0.0,1.0,0.0,0,0,15,0,15,Seven people standing silently while waiting for a bus at a bus stop is an example of which of the following?,1,C,1
q43,1,gemma3:12b,B,B,C,1,0.0,1.0,0.0,0.0,0,15,0,0,15,Seven people standing silently while waiting for a bus at a bus stop is an example of which of the following?,1,B,1
q43,2,gemma3:12b,D,A,C,0,0.0,0.0,0.0,1.0,0,0,0,15,15,Seven people standing silently while waiting for a bus at a bus stop is an example of which of the following?,0,D,0
q43,3,gemma3:12b,D,D,C,1,0.0,0.0,0.0,1.0,0,0,0,15,15,Seven people standing silently while waiting for a bus at a bus stop is an example of which of the following?,1,D,1
q44,0,gemma3:12b,D,D,D,1,0.0,0.0,0.0,1.0,0,0,0,15,15,Environmentalist social movements are global in the sense that:,1,D,1
q44,1,gemma3:12b,C,C,D,1,0.0,0.0,1.0,0.0,0,0,15,0,15,Environmentalist social movements are global in the sense that:,1,C,1
q44,2,gemma3:12b,B,B,D,1,0.0,1.0,0.0,0.0,0,15,0,0,15,Environmentalist social movements are global in the sense that:,1,B,1
q44,3,gemma3:12b,A,A,D,1,1.0,0.0,0.0,0.0,15,0,0,0,15,Environmentalist social movements are global in the sense that:,1,A,1
q45,0,gemma3:12b,A,A,A,1,1.0,0.0,0.0,0.0,15,0,0,0,15,Chodorow (1978) argued that gender socialization occurred through:,1,A,1
q45,1,gemma3:12b,B,D,A,0,0.0,1.0,0.0,0.0,0,15,0,0,15,Chodorow (1978) argued that gender socialization occurred through:,0,B,0
q45,2,gemma3:12b,C,C,A,1,0.0,0.0,1.0,0.0,0,0,15,0,15,Chodorow (1978) argued that gender socialization occurred through:,1,C,1
q45,3,gemma3:12b,B,B,A,1,0.0,1.0,0.0,0.0,0,15,0,0,15,Chodorow (1978) argued that gender socialization occurred through:,1,B,1
q47,0,gemma3:12b,B,B,B,1,0.0,1.0,0.0,0.0,0,15,0,0,15,"In the 1960s, comprehensive schools did not eradicate class inequalities in education because:",1,B,1
q47,1,gemma3:12b,A,A,B,1,1.0,0.0,0.0,0.0,15,0,0,0,15,"In the 1960s, comprehensive schools did not eradicate class inequalities in education because:",1,A,1
q47,2,gemma3:12b,D,D,B,1,0.0,0.0,0.0,1.0,0,0,0,15,15,"In the 1960s, comprehensive schools did not eradicate class inequalities in education because:",1,D,1
q47,3,gemma3:12b,C,C,B,1,0.0,0.0,1.0,0.0,0,0,15,0,15,"In the 1960s, comprehensive schools did not eradicate class inequalities in education because:",1,C,1
q48,0,gemma3:12b,B,B,B,1,0.0,1.0,0.0,0.0,0,15,0,0,15,"In idealized views of science, the experimental method is said to involve:",1,B,1
q48,1,gemma3:12b,A,A,B,1,1.0,0.0,0.0,0.0,15,0,0,0,15,"In idealized views of science, the experimental method is said to involve:",1,A,1
q48,2,gemma3:12b,D,D,B,1,0.0,0.0,0.0,1.0,0,0,0,15,15,"In idealized views of science, the experimental method is said to involve:",1,D,1
q48,3,gemma3:12b,C,C,B,1,0.0,0.0,1.0,0.0,0,0,15,0,15,"In idealized views of science, the experimental method is said to involve:",1,C,1
q49,0,gemma3:12b,D,D,D,1,0.0,0.0,0.0,1.0,0,0,0,15,15,An 'open' society is one that:,1,D,1
q49,1,gemma3:12b,C,C,D,1,0.0,0.0,1.0,0.0,0,0,15,0,15,An 'open' society is one that:,1,C,1
q49,2,gemma3:12b,B,B,D,1,0.0,1.0,0.0,0.0,0,15,0,0,15,An 'open' society is one that:,1,B,1
q49,3,gemma3:12b,A,A,D,1,1.0,0.0,0.0,0.0,15,0,0,0,15,An 'open' society is one that:,1,A,1
q50,0,gemma3:12b,C,C,C,1,0.0,0.0,1.0,0.0,0,0,15,0,15,The Nation of Islam group appealed to:,1,C,1
q50,1,gemma3:12b,B,B,C,1,0.0,1.0,0.0,0.0,0,15,0,0,15,The Nation of Islam group appealed to:,1,B,1
q50,2,gemma3:12b,A,A,C,1,1.0,0.0,0.0,0.0,15,0,0,0,15,The Nation of Islam group appealed to:,1,A,1
q50,3,gemma3:12b,D,D,C,1,0.0,0.0,0.0,1.0,0,0,0,15,15,The Nation of Islam group appealed to:,1,D,1
q51,0,gemma3:12b,B,B,B,1,0.0,1.0,0.0,0.0,0,15,0,0,15,Comte's term 'positivism' refers to:,1,B,1
q51,1,gemma3:12b,A,A,B,1,1.0,0.0,0.0,0.0,15,0,0,0,15,Comte's term 'positivism' refers to:,1,A,1
q51,2,gemma3:12b,D,D,B,1,0.0,0.0,0.0,1.0,0,0,0,15,15,Comte's term 'positivism' refers to:,1,D,1
q51,3,gemma3:12b,C,C,B,1,0.0,0.0,1.0,0.0,0,0,15,0,15,Comte's term 'positivism' refers to:,1,C,1
q52,0,gemma3:12b,B,B,B,1,0.0,1.0,0.0,0.0,0,15,0,0,15,Theories of racialized discourse suggest that:,1,B,1
q52,1,gemma3:12b,A,A,B,1,1.0,0.0,0.0,0.0,15,0,0,0,15,Theories of racialized discourse suggest that:,1,A,1
q52,2,gemma3:12b,D,D,B,1,0.0,0.0,0.0,1.0,0,0,0,15,15,Theories of racialized discourse suggest that:,1,D,1
q52,3,gemma3:12b,C,C,B,1,0.0,0.0,1.0,0.0,0,0,15,0,15,Theories of racialized discourse suggest that:,1,C,1
q53,0,gemma3:12b,C,B,B,0,0.0,0.0,1.0,0.0,0,0,15,0,15,"A major car accident occurs. One man stops his car and starts helping people. After seeing him stop, others also stop and start helping. Which of the following theories best explains the scenario?",0,C,0
q53,1,gemma3:12b,B,A,B,0,0.0,1.0,0.0,0.0,0,15,0,0,15,"A major car accident occurs. One man stops his car and starts helping people. After seeing him stop, others also stop and start helping. Which of the following theories best explains the scenario?",0,B,0
q53,2,gemma3:12b,D,D,B,1,0.0,0.0,0.0,1.0,0,0,0,15,15,"A major car accident occurs. One man stops his car and starts helping people. After seeing him stop, others also stop and start helping. Which of the following theories best explains the scenario?",1,D,1
q53,3,gemma3:12b,D,C,B,0,0.0,0.0,0.0,1.0,0,0,0,15,15,"A major car accident occurs. One man stops his car and starts helping people. After seeing him stop, others also stop and start helping. Which of the following theories best explains the scenario?",0,D,0
q54,0,gemma3:12b,C,C,C,1,0.0,0.0,1.0,0.0,0,0,15,0,15,A new highway extends from a major city though an area used for farmland. Which of the following is most likely to happen as a result?,1,C,1
q54,1,gemma3:12b,B,B,C,1,0.0,1.0,0.0,0.0,0,15,0,0,15,A new highway extends from a major city though an area used for farmland. Which of the following is most likely to happen as a result?,1,B,1
q54,2,gemma3:12b,A,A,C,1,1.0,0.0,0.0,0.0,15,0,0,0,15,A new highway extends from a major city though an area used for farmland. Which of the following is most likely to happen as a result?,1,A,1
q54,3,gemma3:12b,D,D,C,1,0.0,0.0,0.0,1.0,0,0,0,15,15,A new highway extends from a major city though an area used for farmland. Which of the following is most likely to happen as a result?,1,D,1
q55,0,gemma3:12b,A,A,A,1,1.0,0.0,0.0,0.0,15,0,0,0,15,"According to W. E. B. Dubois, progress for African Americans in the aftermath of slavery",1,A,1
q55,1,gemma3:12b,D,D,A,1,0.0,0.0,0.0,1.0,0,0,0,15,15,"According to W. E. B. Dubois, progress for African Americans in the aftermath of slavery",1,D,1
q55,2,gemma3:12b,C,C,A,1,0.0,0.0,1.0,0.0,0,0,15,0,15,"According to W. E. B. Dubois, progress for African Americans in the aftermath of slavery",1,C,1
q55,3,gemma3:12b,B,B,A,1,0.0,1.0,0.0,0.0,0,15,0,0,15,"According to W. E. B. Dubois, progress for African Americans in the aftermath of slavery",1,B,1
q56,0,gemma3:12b,C,C,C,1,0.0,0.0,1.0,0.0,0,0,15,0,15,Pluralist theories suggest that:,1,C,1
q56,1,gemma3:12b,B,B,C,1,0.0,1.0,0.0,0.0,0,15,0,0,15,Pluralist theories suggest that:,1,B,1
q56,2,gemma3:12b,A,A,C,1,1.0,0.0,0.0,0.0,15,0,0,0,15,Pluralist theories suggest that:,1,A,1
q56,3,gemma3:12b,C,D,C,0,0.0,0.0,1.0,0.0,0,0,15,0,15,Pluralist theories suggest that:,0,C,0
q58,0,gemma3:12b,C,C,C,1,0.0,0.0,1.0,0.0,0,0,15,0,15,The capitalist class of the mid-twentieth century were said to join the upper class because they:,1,C,1
q58,1,gemma3:12b,B,B,C,1,0.0,1.0,0.0,0.0,0,15,0,0,15,The capitalist class of the mid-twentieth century were said to join the upper class because they:,1,B,1
q58,2,gemma3:12b,A,A,C,1,1.0,0.0,0.0,0.0,15,0,0,0,15,The capitalist class of the mid-twentieth century were said to join the upper class because they:,1,A,1
q58,3,gemma3:12b,D,D,C,1,0.0,0.0,0.0,1.0,0,0,0,15,15,The capitalist class of the mid-twentieth century were said to join the upper class because they:,1,D,1
q59,0,gemma3:12b,B,B,B,1,0.0,1.0,0.0,0.0,0,15,0,0,15,The term inter-generational mobility refers to:,1,B,1
q59,1,gemma3:12b,A,A,B,1,1.0,0.0,0.0,0.0,15,0,0,0,15,The term inter-generational mobility refers to:,1,A,1
q59,2,gemma3:12b,D,D,B,1,0.0,0.0,0.0,1.0,0,0,0,15,15,The term inter-generational mobility refers to:,1,D,1
q59,3,gemma3:12b,C,C,B,1,0.0,0.0,1.0,0.0,0,0,15,0,15,The term inter-generational mobility refers to:,1,C,1
q60,0,gemma3:12b,B,B,B,1,0.0,1.0,0.0,0.0,0,15,0,0,15,"The term 'culture industry', used by members of the Frankfurt School, referred to:",1,B,1
q60,1,gemma3:12b,A,A,B,1,1.0,0.0,0.0,0.0,15,0,0,0,15,"The term 'culture industry', used by members of the Frankfurt School, referred to:",1,A,1
q60,2,gemma3:12b,D,D,B,1,0.0,0.0,0.0,1.0,0,0,0,15,15,"The term 'culture industry', used by members of the Frankfurt School, referred to:",1,D,1
q60,3,gemma3:12b,C,C,B,1,0.0,0.0,1.0,0.0,0,0,15,0,15,"The term 'culture industry', used by members of the Frankfurt School, referred to:",1,C,1
q61,0,gemma3:12b,C,B,B,0,0.0,0.0,1.0,0.0,0,0,15,0,15,"According to Hakim (1995, 1996), the majority of part-time work is done by women because:",0,C,0
q61,1,gemma3:12b,B,A,B,0,0.0,1.0,0.0,0.0,0,15,0,0,15,"According to Hakim (1995, 1996), the majority of part-time work is done by women because:",0,B,0
q61,2,gemma3:12b,A,D,B,0,1.0,0.0,0.0,0.0,15,0,0,0,15,"According to Hakim (1995, 1996), the majority of part-time work is done by women because:",0,A,0
q61,3,gemma3:12b,D,C,B,0,0.0,0.0,0.0,1.0,0,0,0,15,15,"According to Hakim (1995, 1996), the majority of part-time work is done by women because:",0,D,0
q62,0,gemma3:12b,A,C,C,0,1.0,0.0,0.0,0.0,15,0,0,0,15,A sect is organised around:,0,A,0
q62,1,gemma3:12b,D,B,C,0,0.0,0.0,0.0,1.0,0,0,0,15,15,A sect is organised around:,0,D,0
q62,2,gemma3:12b,A,A,C,1,1.0,0.0,0.0,0.0,15,0,0,0,15,A sect is organised around:,1,A,1
q62,3,gemma3:12b,B,D,C,0,0.0,1.0,0.0,0.0,0,15,0,0,15,A sect is organised around:,0,B,0
q63,0,gemma3:12b,D,D,D,1,0.0,0.0,0.0,1.0,0,0,0,15,15,What is the name of the process by which we acquire a sense of identity and become members of society?,1,D,1
q63,1,gemma3:12b,C,C,D,1,0.0,0.0,1.0,0.0,0,0,15,0,15,What is the name of the process by which we acquire a sense of identity and become members of society?,1,C,1
q63,2,gemma3:12b,B,B,D,1,0.0,1.0,0.0,0.0,0,15,0,0,15,What is the name of the process by which we acquire a sense of identity and become members of society?,1,B,1
q63,3,gemma3:12b,A,A,D,1,1.0,0.0,0.0,0.0,15,0,0,0,15,What is the name of the process by which we acquire a sense of identity and become members of society?,1,A,1
q64,0,gemma3:12b,C,C,C,1,0.0,0.0,1.0,0.0,0,0,15,0,15,Pre-testing a questionnaire is useful for:,1,C,1
q64,1,gemma3:12b,B,B,C,1,0.0,1.0,0.0,0.0,0,15,0,0,15,Pre-testing a questionnaire is useful for:,1,B,1
q64,2,gemma3:12b,A,A,C,1,1.0,0.0,0.0,0.0,15,0,0,0,15,Pre-testing a questionnaire is useful for:,1,A,1
q64,3,gemma3:12b,D,D,C,1,0.0,0.0,0.0,1.0,0,0,0,15,15,Pre-testing a questionnaire is useful for:,1,D,1
q65,0,gemma3:12b,D,D,D,1,0.0,0.0,0.0,1.0,0,0,0,15,15,Judith Butler (1999) suggested that:,1,D,1
q65,1,gemma3:12b,C,C,D,1,0.0,0.0,1.0,0.0,0,0,15,0,15,Judith Butler (1999) suggested that:,1,C,1
q65,2,gemma3:12b,B,B,D,1,0.0,1.0,0.0,0.0,0,15,0,0,15,Judith Butler (1999) suggested that:,1,B,1
q65,3,gemma3:12b,A,A,D,1,1.0,0.0,0.0,0.0,15,0,0,0,15,Judith Butler (1999) suggested that:,1,A,1
q66,0,gemma3:12b,A,A,A,1,1.0,0.0,0.0,0.0,15,0,0,0,15,Patterns of drug use in Britain reveal that:,1,A,1
q66,1,gemma3:12b,D,D,A,1,0.0,0.0,0.0,1.0,0,0,0,15,15,Patterns of drug use in Britain reveal that:,1,D,1
q66,2,gemma3:12b,C,C,A,1,0.0,0.0,1.0,0.0,0,0,15,0,15,Patterns of drug use in Britain reveal that:,1,C,1
q66,3,gemma3:12b,B,B,A,1,0.0,1.0,0.0,0.0,0,15,0,0,15,Patterns of drug use in Britain reveal that:,1,B,1
q68,0,gemma3:12b,D,D,D,1,0.0,0.0,0.0,1.0,0,0,0,15,15,"Religious organizations such as the Church of Norway, Islam, the Church of England, and the Church of Greece have which of the following characteristics in common?",1,D,1
q68,1,gemma3:12b,C,C,D,1,0.0,0.0,1.0,0.0,0,0,15,0,15,"Religious organizations such as the Church of Norway, Islam, the Church of England, and the Church of Greece have which of the following characteristics in common?",1,C,1
q68,2,gemma3:12b,B,B,D,1,0.0,1.0,0.0,0.0,0,15,0,0,15,"Religious organizations such as the Church of Norway, Islam, the Church of England, and the Church of Greece have which of the following characteristics in common?",1,B,1
q68,3,gemma3:12b,B,A,D,0,0.0,1.0,0.0,0.0,0,15,0,0,15,"Religious organizations such as the Church of Norway, Islam, the Church of England, and the Church of Greece have which of the following characteristics in common?",0,B,0
q71,0,gemma3:12b,D,A,A,0,0.0,0.0,0.0,1.0,0,0,0,15,15,Post-modernist writers have argued that:,0,D,0
q71,1,gemma3:12b,C,D,A,0,0.0,0.0,1.0,0.0,0,0,15,0,15,Post-modernist writers have argued that:,0,C,0
q71,2,gemma3:12b,B,C,A,0,0.0,1.0,0.0,0.0,0,15,0,0,15,Post-modernist writers have argued that:,0,B,0
q71,3,gemma3:12b,A,B,A,0,1.0,0.0,0.0,0.0,15,0,0,0,15,Post-modernist writers have argued that:,0,A,0
q72,0,gemma3:12b,A,A,A,1,1.0,0.0,0.0,0.0,15,0,0,0,15,"Leroy visits his parents, who live in a primarily African American working-class neighborhood. During his visit, he notices that the community is changing. Several developments have been built to accommodate single-family homes, and upscale shopping centers have been added. While Leroy appreciates these changes, he is worried that his parents will not be able to afford to continue living in their neighborhood because property values are rising. Which of the following best explains what is happening to Leroy's old neighborhood?",1,A,1
q72,1,gemma3:12b,D,D,A,1,0.0,0.0,0.0,1.0,0,0,0,15,15,"Leroy visits his parents, who live in a primarily African American working-class neighborhood. During his visit, he notices that the community is changing. Several developments have been built to accommodate single-family homes, and upscale shopping centers have been added. While Leroy appreciates these changes, he is worried that his parents will not be able to afford to continue living in their neighborhood because property values are rising. Which of the following best explains what is happening to Leroy's old neighborhood?",1,D,1
q72,2,gemma3:12b,C,C,A,1,0.0,0.0,1.0,0.0,0,0,15,0,15,"Leroy visits his parents, who live in a primarily African American working-class neighborhood. During his visit, he notices that the community is changing. Several developments have been built to accommodate single-family homes, and upscale shopping centers have been added. While Leroy appreciates these changes, he is worried that his parents will not be able to afford to continue living in their neighborhood because property values are rising. Which of the following best explains what is happening to Leroy's old neighborhood?",1,C,1
q72,3,gemma3:12b,B,B,A,1,0.0,1.0,0.0,0.0,0,15,0,0,15,"Leroy visits his parents, who live in a primarily African American working-class neighborhood. During his visit, he notices that the community is changing. Several developments have been built to accommodate single-family homes, and upscale shopping centers have been added. While Leroy appreciates these changes, he is worried that his parents will not be able to afford to continue living in their neighborhood because property values are rising. Which of the following best explains what is happening to Leroy's old neighborhood?",1,B,1
q73,0,gemma3:12b,D,D,D,1,0.0,0.0,0.0,1.0,0,0,0,15,15,Warner's study of the city of Natchez in the American Deep South showed that the 'colour line' there was:,1,D,1
q73,1,gemma3:12b,C,C,D,1,0.0,0.0,1.0,0.0,0,0,15,0,15,Warner's study of the city of Natchez in the American Deep South showed that the 'colour line' there was:,1,C,1
q73,2,gemma3:12b,B,B,D,1,0.0,1.0,0.0,0.0,0,15,0,0,15,Warner's study of the city of Natchez in the American Deep South showed that the 'colour line' there was:,1,B,1
q73,3,gemma3:12b,A,A,D,1,1.0,0.0,0.0,0.0,15,0,0,0,15,Warner's study of the city of Natchez in the American Deep South showed that the 'colour line' there was:,1,A,1
q74,0,gemma3:12b,D,D,D,1,0.0,0.0,0.0,1.0,0,0,0,15,15,The social construction of childhood can be traced back to:,1,D,1
q74,1,gemma3:12b,C,C,D,1,0.0,0.0,1.0,0.0,0,0,15,0,15,The social construction of childhood can be traced back to:,1,C,1
q74,2,gemma3:12b,B,B,D,1,0.0,1.0,0.0,0.0,0,15,0,0,15,The social construction of childhood can be traced back to:,1,B,1
q74,3,gemma3:12b,A,A,D,1,1.0,0.0,0.0,0.0,15,0,0,0,15,The social construction of childhood can be traced back to:,1,A,1
q75,0,gemma3:12b,C,C,C,1,0.0,0.0,1.0,0.0,0,0,15,0,15,"In Marx's theory, the 'mode of production' means:",1,C,1
q75,1,gemma3:12b,B,B,C,1,0.0,1.0,0.0,0.0,0,15,0,0,15,"In Marx's theory, the 'mode of production' means:",1,B,1
q75,2,gemma3:12b,A,A,C,1,1.0,0.0,0.0,0.0,15,0,0,0,15,"In Marx's theory, the 'mode of production' means:",1,A,1
q75,3,gemma3:12b,D,D,C,1,0.0,0.0,0.0,1.0,0,0,0,15,15,"In Marx's theory, the 'mode of production' means:",1,D,1
q76,0,gemma3:12b,A,A,A,1,1.0,0.0,0.0,0.0,15,0,0,0,15,The trend of decarceration involves:,1,A,1
q76,1,gemma3:12b,D,D,A,1,0.0,0.0,0.0,1.0,0,0,0,15,15,The trend of decarceration involves:,1,D,1
q76,2,gemma3:12b,C,C,A,1,0.0,0.0,1.0,0.0,0,0,15,0,15,The trend of decarceration involves:,1,C,1
q76,3,gemma3:12b,B,B,A,1,0.0,1.0,0.0,0.0,0,15,0,0,15,The trend of decarceration involves:,1,B,1
q77,0,gemma3:12b,C,C,C,1,0.0,0.0,1.0,0.0,0,0,15,0,15,The work of Smart suggested that:,1,C,1
q77,1,gemma3:12b,B,B,C,1,0.0,1.0,0.0,0.0,0,15,0,0,15,The work of Smart suggested that:,1,B,1
q77,2,gemma3:12b,A,A,C,1,1.0,0.0,0.0,0.0,15,0,0,0,15,The work of Smart suggested that:,1,A,1
q77,3,gemma3:12b,D,D,C,1,0.0,0.0,0.0,1.0,0,0,0,15,15,The work of Smart suggested that:,1,D,1
q78,0,gemma3:12b,A,D,D,0,1.0,0.0,0.0,0.0,15,0,0,0,15,Allen's (2001) study of nurses showed that:,0,A,0
q78,1,gemma3:12b,C,C,D,1,0.0,0.0,1.0,0.0,0,0,15,0,15,Allen's (2001) study of nurses showed that:,1,C,1
q78,2,gemma3:12b,C,B,D,0,0.0,0.0,1.0,0.0,0,0,15,0,15,Allen's (2001) study of nurses showed that:,0,C,0
q78,3,gemma3:12b,A,A,D,1,1.0,0.0,0.0,0.0,15,0,0,0,15,Allen's (2001) study of nurses showed that:,1,A,1
q80,0,gemma3:12b,D,D,D,1,0.0,0.0,0.0,1.0,0,0,0,15,15,"Dahrendorf, Rex, and Habermas focused their attention on:",1,D,1
q80,1,gemma3:12b,C,C,D,1,0.0,0.0,1.0,0.0,0,0,15,0,15,"Dahrendorf, Rex, and Habermas focused their attention on:",1,C,1
q80,2,gemma3:12b,B,B,D,1,0.0,1.0,0.0,0.0,0,15,0,0,15,"Dahrendorf, Rex, and Habermas focused their attention on:",1,B,1
q80,3,gemma3:12b,A,A,D,1,1.0,0.0,0.0,0.0,15,0,0,0,15,"Dahrendorf, Rex, and Habermas focused their attention on:",1,A,1
q81,0,gemma3:12b,D,D,D,1,0.0,0.0,0.0,1.0,0,0,0,15,15,Sreberny-Mohammadi (1996) argues that national cultures can resist American cultural domination of the media by:,1,D,1
q81,1,gemma3:12b,D,C,D,0,0.0,0.0,0.0,1.0,0,0,0,15,15,Sreberny-Mohammadi (1996) argues that national cultures can resist American cultural domination of the media by:,0,D,0
q81,2,gemma3:12b,B,B,D,1,0.0,1.0,0.0,0.0,0,15,0,0,15,Sreberny-Mohammadi (1996) argues that national cultures can resist American cultural domination of the media by:,1,B,1
q81,3,gemma3:12b,A,A,D,1,1.0,0.0,0.0,0.0,15,0,0,0,15,Sreberny-Mohammadi (1996) argues that national cultures can resist American cultural domination of the media by:,1,A,1
q82,0,gemma3:12b,D,D,D,1,0.0,0.0,0.0,1.0,0,0,0,15,15,Mulholland (1998) argued that privatization changed the relationship between companies and managers in that:,1,D,1
q82,1,gemma3:12b,C,C,D,1,0.0,0.0,1.0,0.0,0,0,15,0,15,Mulholland (1998) argued that privatization changed the relationship between companies and managers in that:,1,C,1
q82,2,gemma3:12b,B,B,D,1,0.0,1.0,0.0,0.0,0,15,0,0,15,Mulholland (1998) argued that privatization changed the relationship between companies and managers in that:,1,B,1
q82,3,gemma3:12b,A,A,D,1,1.0,0.0,0.0,0.0,15,0,0,0,15,Mulholland (1998) argued that privatization changed the relationship between companies and managers in that:,1,A,1
q84,0,gemma3:12b,C,C,C,1,0.0,0.0,1.0,0.0,0,0,15,0,15,Socialization is:,1,C,1
q84,1,gemma3:12b,B,B,C,1,0.0,1.0,0.0,0.0,0,15,0,0,15,Socialization is:,1,B,1
q84,2,gemma3:12b,A,A,C,1,1.0,0.0,0.0,0.0,15,0,0,0,15,Socialization is:,1,A,1
q84,3,gemma3:12b,D,D,C,1,0.0,0.0,0.0,1.0,0,0,0,15,15,Socialization is:,1,D,1
q85,0,gemma3:12b,C,C,C,1,0.0,0.0,1.0,0.0,0,0,15,0,15,The term 'assets' refers to:,1,C,1
q85,1,gemma3:12b,B,B,C,1,0.0,1.0,0.0,0.0,0,15,0,0,15,The term 'assets' refers to:,1,B,1
q85,2,gemma3:12b,A,A,C,1,1.0,0.0,0.0,0.0,15,0,0,0,15,The term 'assets' refers to:,1,A,1
q85,3,gemma3:12b,D,D,C,1,0.0,0.0,0.0,1.0,0,0,0,15,15,The term 'assets' refers to:,1,D,1
q86,0,gemma3:12b,B,D,D,0,0.0,1.0,0.0,0.0,0,15,0,0,15,"In the traditional hierarchy of status and precedence, which of these members of the upper class are in the right order (from highest to lowest status)?",0,B,0
q86,1,gemma3:12b,A,C,D,0,1.0,0.0,0.0,0.0,15,0,0,0,15,"In the traditional hierarchy of status and precedence, which of these members of the upper class are in the right order (from highest to lowest status)?",0,A,0
q86,2,gemma3:12b,D,B,D,0,0.0,0.0,0.0,1.0,0,0,0,15,15,"In the traditional hierarchy of status and precedence, which of these members of the upper class are in the right order (from highest to lowest status)?",0,D,0
q86,3,gemma3:12b,C,A,D,0,0.0,0.0,1.0,0.0,0,0,15,0,15,"In the traditional hierarchy of status and precedence, which of these members of the upper class are in the right order (from highest to lowest status)?",0,C,0
q87,0,gemma3:12b,D,D,D,1,0.0,0.0,0.0,1.0,0,0,0,15,15,Social norms are:,1,D,1
q87,1,gemma3:12b,C,C,D,1,0.0,0.0,1.0,0.0,0,0,15,0,15,Social norms are:,1,C,1
q87,2,gemma3:12b,B,B,D,1,0.0,1.0,0.0,0.0,0,15,0,0,15,Social norms are:,1,B,1
q87,3,gemma3:12b,A,A,D,1,1.0,0.0,0.0,0.0,15,0,0,0,15,Social norms are:,1,A,1
q88,0,gemma3:12b,D,D,D,1,0.0,0.0,0.0,1.0,0,0,0,15,15,The 'nuclear family' means:,1,D,1
q88,1,gemma3:12b,C,C,D,1,0.0,0.0,1.0,0.0,0,0,15,0,15,The 'nuclear family' means:,1,C,1
q88,2,gemma3:12b,B,B,D,1,0.0,1.0,0.0,0.0,0,15,0,0,15,The 'nuclear family' means:,1,B,1
q88,3,gemma3:12b,A,A,D,1,1.0,0.0,0.0,0.0,15,0,0,0,15,The 'nuclear family' means:,1,A,1
q89,0,gemma3:12b,C,D,D,0,0.0,0.0,1.0,0.0,0,0,15,0,15,The rise of new social movements indicates that:,0,C,0
q89,1,gemma3:12b,B,C,D,0,0.0,1.0,0.0,0.0,0,15,0,0,15,The rise of new social movements indicates that:,0,B,0
q89,2,gemma3:12b,A,B,D,0,1.0,0.0,0.0,0.0,15,0,0,0,15,The rise of new social movements indicates that:,0,A,0
q89,3,gemma3:12b,D,A,D,0,0.0,0.0,0.0,1.0,0,0,0,15,15,The rise of new social movements indicates that:,0,D,0
q90,0,gemma3:12b,A,A,A,1,1.0,0.0,0.0,0.0,15,0,0,0,15,Which of the following sociological perspectives views society as a system of interdependent and coordinated parts?,1,A,1
q90,1,gemma3:12b,D,D,A,1,0.0,0.0,0.0,1.0,0,0,0,15,15,Which of the following sociological perspectives views society as a system of interdependent and coordinated parts?,1,D,1
q90,2,gemma3:12b,C,C,A,1,0.0,0.0,1.0,0.0,0,0,15,0,15,Which of the following sociological perspectives views society as a system of interdependent and coordinated parts?,1,C,1
q90,3,gemma3:12b,B,B,A,1,0.0,1.0,0.0,0.0,0,15,0,0,15,Which of the following sociological perspectives views society as a system of interdependent and coordinated parts?,1,B,1
q91,0,gemma3:12b,C,C,C,1,0.0,0.0,1.0,0.0,0,0,15,0,15,Post-Fordist forms of media production and consumption involve:,1,C,1
q91,1,gemma3:12b,B,B,C,1,0.0,1.0,0.0,0.0,0,15,0,0,15,Post-Fordist forms of media production and consumption involve:,1,B,1
q91,2,gemma3:12b,A,A,C,1,1.0,0.0,0.0,0.0,15,0,0,0,15,Post-Fordist forms of media production and consumption involve:,1,A,1
q91,3,gemma3:12b,D,D,C,1,0.0,0.0,0.0,1.0,0,0,0,15,15,Post-Fordist forms of media production and consumption involve:,1,D,1
q92,0,gemma3:12b,C,C,C,1,0.0,0.0,1.0,0.0,0,0,15,0,15,Marx said that the development of the labour movement through factory-based production would turn the working class into:,1,C,1
q92,1,gemma3:12b,B,B,C,1,0.0,1.0,0.0,0.0,0,15,0,0,15,Marx said that the development of the labour movement through factory-based production would turn the working class into:,1,B,1
q92,2,gemma3:12b,A,A,C,1,1.0,0.0,0.0,0.0,15,0,0,0,15,Marx said that the development of the labour movement through factory-based production would turn the working class into:,1,A,1
q92,3,gemma3:12b,D,D,C,1,0.0,0.0,0.0,1.0,0,0,0,15,15,Marx said that the development of the labour movement through factory-based production would turn the working class into:,1,D,1
q93,0,gemma3:12b,C,C,C,1,0.0,0.0,1.0,0.0,0,0,15,0,15,"In stage 3 of the 'health transition', the main causes of illness and death are:",1,C,1
q93,1,gemma3:12b,B,B,C,1,0.0,1.0,0.0,0.0,0,15,0,0,15,"In stage 3 of the 'health transition', the main causes of illness and death are:",1,B,1
q93,2,gemma3:12b,A,A,C,1,1.0,0.0,0.0,0.0,15,0,0,0,15,"In stage 3 of the 'health transition', the main causes of illness and death are:",1,A,1
q93,3,gemma3:12b,D,D,C,1,0.0,0.0,0.0,1.0,0,0,0,15,15,"In stage 3 of the 'health transition', the main causes of illness and death are:",1,D,1
q94,0,gemma3:12b,D,D,D,1,0.0,0.0,0.0,1.0,0,0,0,15,15,Sociologists like Bordo (1993) have attributed the 'epidemic' of anorexia in Western cultures to:,1,D,1
q94,1,gemma3:12b,C,C,D,1,0.0,0.0,1.0,0.0,0,0,15,0,15,Sociologists like Bordo (1993) have attributed the 'epidemic' of anorexia in Western cultures to:,1,C,1
q94,2,gemma3:12b,B,B,D,1,0.0,1.0,0.0,0.0,0,15,0,0,15,Sociologists like Bordo (1993) have attributed the 'epidemic' of anorexia in Western cultures to:,1,B,1
q94,3,gemma3:12b,A,A,D,1,1.0,0.0,0.0,0.0,15,0,0,0,15,Sociologists like Bordo (1993) have attributed the 'epidemic' of anorexia in Western cultures to:,1,A,1
q95,0,gemma3:12b,A,A,A,1,1.0,0.0,0.0,0.0,15,0,0,0,15,One of the difficulties in 'operationalizing' concepts like social class is that:,1,A,1
q95,1,gemma3:12b,D,D,A,1,0.0,0.0,0.0,1.0,0,0,0,15,15,One of the difficulties in 'operationalizing' concepts like social class is that:,1,D,1
q95,2,gemma3:12b,C,C,A,1,0.0,0.0,1.0,0.0,0,0,15,0,15,One of the difficulties in 'operationalizing' concepts like social class is that:,1,C,1
q95,3,gemma3:12b,B,B,A,1,0.0,1.0,0.0,0.0,0,15,0,0,15,One of the difficulties in 'operationalizing' concepts like social class is that:,1,B,1
q97,0,gemma3:12b,D,D,D,1,0.0,0.0,0.0,1.0,0,0,0,15,15,Law and order was privatized in the 1980s and 1990s through:,1,D,1
q97,1,gemma3:12b,C,C,D,1,0.0,0.0,1.0,0.0,0,0,15,0,15,Law and order was privatized in the 1980s and 1990s through:,1,C,1
q97,2,gemma3:12b,B,B,D,1,0.0,1.0,0.0,0.0,0,15,0,0,15,Law and order was privatized in the 1980s and 1990s through:,1,B,1
q97,3,gemma3:12b,A,A,D,1,1.0,0.0,0.0,0.0,15,0,0,0,15,Law and order was privatized in the 1980s and 1990s through:,1,A,1
q98,0,gemma3:12b,A,A,A,1,1.0,0.0,0.0,0.0,15,0,0,0,15,The 'correspondence principle' (Bowles & Gintis) suggests that:,1,A,1
q98,1,gemma3:12b,D,D,A,1,0.0,0.0,0.0,1.0,0,0,0,15,15,The 'correspondence principle' (Bowles & Gintis) suggests that:,1,D,1
q98,2,gemma3:12b,C,C,A,1,0.0,0.0,1.0,0.0,0,0,15,0,15,The 'correspondence principle' (Bowles & Gintis) suggests that:,1,C,1
q98,3,gemma3:12b,B,B,A,1,0.0,1.0,0.0,0.0,0,15,0,0,15,The 'correspondence principle' (Bowles & Gintis) suggests that:,1,B,1
q99,0,gemma3:12b,B,B,B,1,0.0,1.0,0.0,0.0,0,15,0,0,15,Class segregation was apparent in mid-twentieth century Britain insofar as:,1,B,1
q99,1,gemma3:12b,A,A,B,1,1.0,0.0,0.0,0.0,15,0,0,0,15,Class segregation was apparent in mid-twentieth century Britain insofar as:,1,A,1
q99,2,gemma3:12b,D,D,B,1,0.0,0.0,0.0,1.0,0,0,0,15,15,Class segregation was apparent in mid-twentieth century Britain insofar as:,1,D,1
q99,3,gemma3:12b,C,C,B,1,0.0,0.0,1.0,0.0,0,0,15,0,15,Class segregation was apparent in mid-twentieth century Britain insofar as:,1,C,1
q100,0,gemma3:12b,C,C,C,1,0.0,0.0,1.0,0.0,0,0,15,0,15,Charles Cooley's theory of the looking-glass self emphasizes,1,C,1
q100,1,gemma3:12b,B,B,C,1,0.0,1.0,0.0,0.0,0,15,0,0,15,Charles Cooley's theory of the looking-glass self emphasizes,1,B,1
q100,2,gemma3:12b,A,A,C,1,1.0,0.0,0.0,0.0,15,0,0,0,15,Charles Cooley's theory of the looking-glass self emphasizes,1,A,1
q100,3,gemma3:12b,D,D,C,1,0.0,0.0,0.0,1.0,0,0,0,15,15,Charles Cooley's theory of the looking-glass self emphasizes,1,D,1
q101,0,gemma3:12b,D,D,D,1,0.0,0.0,0.0,1.0,0,0,0,15,15,Queer Theory makes the claim that:,1,D,1
q101,1,gemma3:12b,C,C,D,1,0.0,0.0,1.0,0.0,0,0,15,0,15,Queer Theory makes the claim that:,1,C,1
q101,2,gemma3:12b,B,B,D,1,0.0,1.0,0.0,0.0,0,15,0,0,15,Queer Theory makes the claim that:,1,B,1
q101,3,gemma3:12b,A,A,D,1,1.0,0.0,0.0,0.0,15,0,0,0,15,Queer Theory makes the claim that:,1,A,1
q102,0,gemma3:12b,D,D,D,1,0.0,0.0,0.0,1.0,0,0,0,15,15,Scott (1991) introduced the term 'power elite' to describe:,1,D,1
q102,1,gemma3:12b,C,C,D,1,0.0,0.0,1.0,0.0,0,0,15,0,15,Scott (1991) introduced the term 'power elite' to describe:,1,C,1
q102,2,gemma3:12b,B,B,D,1,0.0,1.0,0.0,0.0,0,15,0,0,15,Scott (1991) introduced the term 'power elite' to describe:,1,B,1
q102,3,gemma3:12b,A,A,D,1,1.0,0.0,0.0,0.0,15,0,0,0,15,Scott (1991) introduced the term 'power elite' to describe:,1,A,1
q103,0,gemma3:12b,C,C,C,1,0.0,0.0,1.0,0.0,0,0,15,0,15,"A sociologist is conducting research on institutional power relations at a local hospital. The sociologist is on staff at the hospital for several weeks, recording data as field notes. This method of research is called",1,C,1
q103,1,gemma3:12b,B,B,C,1,0.0,1.0,0.0,0.0,0,15,0,0,15,"A sociologist is conducting research on institutional power relations at a local hospital. The sociologist is on staff at the hospital for several weeks, recording data as field notes. This method of research is called",1,B,1
q103,2,gemma3:12b,A,A,C,1,1.0,0.0,0.0,0.0,15,0,0,0,15,"A sociologist is conducting research on institutional power relations at a local hospital. The sociologist is on staff at the hospital for several weeks, recording data as field notes. This method of research is called",1,A,1
q103,3,gemma3:12b,D,D,C,1,0.0,0.0,0.0,1.0,0,0,0,15,15,"A sociologist is conducting research on institutional power relations at a local hospital. The sociologist is on staff at the hospital for several weeks, recording data as field notes. This method of research is called",1,D,1
q104,0,gemma3:12b,D,D,D,1,0.0,0.0,0.0,1.0,0,0,0,15,15,"In Symbolic Interactionist theory, Mead defined the 'generalized other' as:",1,D,1
q104,1,gemma3:12b,C,C,D,1,0.0,0.0,1.0,0.0,0,0,15,0,15,"In Symbolic Interactionist theory, Mead defined the 'generalized other' as:",1,C,1
q104,2,gemma3:12b,B,B,D,1,0.0,1.0,0.0,0.0,0,15,0,0,15,"In Symbolic Interactionist theory, Mead defined the 'generalized other' as:",1,B,1
q104,3,gemma3:12b,A,A,D,1,1.0,0.0,0.0,0.0,15,0,0,0,15,"In Symbolic Interactionist theory, Mead defined the 'generalized other' as:",1,A,1
q105,0,gemma3:12b,C,C,C,1,0.0,0.0,1.0,0.0,0,0,15,0,15,"According to Davis (1995), women may seek cosmetic surgery because:",1,C,1
q105,1,gemma3:12b,B,B,C,1,0.0,1.0,0.0,0.0,0,15,0,0,15,"According to Davis (1995), women may seek cosmetic surgery because:",1,B,1
q105,2,gemma3:12b,A,A,C,1,1.0,0.0,0.0,0.0,15,0,0,0,15,"According to Davis (1995), women may seek cosmetic surgery because:",1,A,1
q105,3,gemma3:12b,D,D,C,1,0.0,0.0,0.0,1.0,0,0,0,15,15,"According to Davis (1995), women may seek cosmetic surgery because:",1,D,1
q106,0,gemma3:12b,D,D,D,1,0.0,0.0,0.0,1.0,0,0,0,15,15,Marx (1844) claimed that capitalism had alienated workers from:,1,D,1
q106,1,gemma3:12b,C,C,D,1,0.0,0.0,1.0,0.0,0,0,15,0,15,Marx (1844) claimed that capitalism had alienated workers from:,1,C,1
q106,2,gemma3:12b,C,B,D,0,0.0,0.0666666666666666,0.9333333333333332,0.0,0,1,14,0,15,Marx (1844) claimed that capitalism had alienated workers from:,0,C,0
q106,3,gemma3:12b,A,A,D,1,1.0,0.0,0.0,0.0,15,0,0,0,15,Marx (1844) claimed that capitalism had alienated workers from:,1,A,1
q107,0,gemma3:12b,B,D,D,0,0.0,1.0,0.0,0.0,0,15,0,0,15,Herberg's (1955) study of religion in America suggested that:,0,B,0
q107,1,gemma3:12b,A,C,D,0,1.0,0.0,0.0,0.0,15,0,0,0,15,Herberg's (1955) study of religion in America suggested that:,0,A,0
q107,2,gemma3:12b,B,B,D,1,0.0,1.0,0.0,0.0,0,15,0,0,15,Herberg's (1955) study of religion in America suggested that:,1,B,1
q107,3,gemma3:12b,C,A,D,0,0.0,0.0,1.0,0.0,0,0,15,0,15,Herberg's (1955) study of religion in America suggested that:,0,C,0
q108,0,gemma3:12b,D,D,D,1,0.0,0.0,0.0,1.0,0,0,0,15,15,Structural-Functionalists describe society as:,1,D,1
q108,1,gemma3:12b,C,C,D,1,0.0,0.0,1.0,0.0,0,0,15,0,15,Structural-Functionalists describe society as:,1,C,1
q108,2,gemma3:12b,B,B,D,1,0.0,1.0,0.0,0.0,0,15,0,0,15,Structural-Functionalists describe society as:,1,B,1
q108,3,gemma3:12b,A,A,D,1,1.0,0.0,0.0,0.0,15,0,0,0,15,Structural-Functionalists describe society as:,1,A,1
q109,0,gemma3:12b,A,A,A,1,1.0,0.0,0.0,0.0,15,0,0,0,15,Booth's (1901) study revealed that the percentage of people in London who were living in poverty was:,1,A,1
q109,1,gemma3:12b,C,D,A,0,0.4666666666666667,0.0,0.5333333333333333,0.0,7,0,8,0,15,Booth's (1901) study revealed that the percentage of people in London who were living in poverty was:,0,C,0
q109,2,gemma3:12b,B,C,A,0,0.0,1.0,0.0,0.0,0,15,0,0,15,Booth's (1901) study revealed that the percentage of people in London who were living in poverty was:,0,B,0
q109,3,gemma3:12b,A,B,A,0,1.0,0.0,0.0,0.0,15,0,0,0,15,Booth's (1901) study revealed that the percentage of people in London who were living in poverty was:,0,A,0
q110,0,gemma3:12b,C,C,C,1,0.0,0.0,1.0,0.0,0,0,15,0,15,Traditional working class identity was based around:,1,C,1
q110,1,gemma3:12b,B,B,C,1,0.0,1.0,0.0,0.0,0,15,0,0,15,Traditional working class identity was based around:,1,B,1
q110,2,gemma3:12b,A,A,C,1,1.0,0.0,0.0,0.0,15,0,0,0,15,Traditional working class identity was based around:,1,A,1
q110,3,gemma3:12b,D,D,C,1,0.0,0.0,0.0,1.0,0,0,0,15,15,Traditional working class identity was based around:,1,D,1
q111,0,gemma3:12b,D,D,D,1,0.0,0.0,0.0,1.0,0,0,0,15,15,Bernstein thought that using 'restricted codes' of language disadvantaged pupils at school because:,1,D,1
q111,1,gemma3:12b,C,C,D,1,0.0,0.0,1.0,0.0,0,0,15,0,15,Bernstein thought that using 'restricted codes' of language disadvantaged pupils at school because:,1,C,1
q111,2,gemma3:12b,B,B,D,1,0.0,1.0,0.0,0.0,0,15,0,0,15,Bernstein thought that using 'restricted codes' of language disadvantaged pupils at school because:,1,B,1
q111,3,gemma3:12b,A,A,D,1,1.0,0.0,0.0,0.0,15,0,0,0,15,Bernstein thought that using 'restricted codes' of language disadvantaged pupils at school because:,1,A,1
q112,0,gemma3:12b,B,B,B,1,0.0,1.0,0.0,0.0,0,15,0,0,15,Telework is a form of employment that involves:,1,B,1
q112,1,gemma3:12b,A,A,B,1,1.0,0.0,0.0,0.0,15,0,0,0,15,Telework is a form of employment that involves:,1,A,1
q112,2,gemma3:12b,D,D,B,1,0.0,0.0,0.0,1.0,0,0,0,15,15,Telework is a form of employment that involves:,1,D,1
q112,3,gemma3:12b,C,C,B,1,0.0,0.0,1.0,0.0,0,0,15,0,15,Telework is a form of employment that involves:,1,C,1
q113,0,gemma3:12b,C,C,C,1,0.0,0.0,1.0,0.0,0,0,15,0,15,Frank (1967) made the claim that 'underdeveloped' societies were:,1,C,1
q113,1,gemma3:12b,B,B,C,1,0.0,1.0,0.0,0.0,0,15,0,0,15,Frank (1967) made the claim that 'underdeveloped' societies were:,1,B,1
q113,2,gemma3:12b,A,A,C,1,1.0,0.0,0.0,0.0,15,0,0,0,15,Frank (1967) made the claim that 'underdeveloped' societies were:,1,A,1
q113,3,gemma3:12b,D,D,C,1,0.0,0.0,0.0,1.0,0,0,0,15,15,Frank (1967) made the claim that 'underdeveloped' societies were:,1,D,1
q114,0,gemma3:12b,C,A,A,0,0.0,0.0,1.0,0.0,0,0,15,0,15,The case of the former Soviet Union supports Kerr et al.'s (1960) claim that:,0,C,0
q114,1,gemma3:12b,D,D,A,1,0.0,0.0,0.0,1.0,0,0,0,15,15,The case of the former Soviet Union supports Kerr et al.'s (1960) claim that:,1,D,1
q114,2,gemma3:12b,C,C,A,1,0.0,0.0,1.0,0.0,0,0,15,0,15,The case of the former Soviet Union supports Kerr et al.'s (1960) claim that:,1,C,1
q114,3,gemma3:12b,D,B,A,0,0.0,0.0,0.0,1.0,0,0,0,15,15,The case of the former Soviet Union supports Kerr et al.'s (1960) claim that:,0,D,0
q115,0,gemma3:12b,A,A,A,1,1.0,0.0,0.0,0.0,15,0,0,0,15,The print revolution of the nineteenth century resulted in:,1,A,1
q115,1,gemma3:12b,D,D,A,1,0.0,0.0,0.0,1.0,0,0,0,15,15,The print revolution of the nineteenth century resulted in:,1,D,1
q115,2,gemma3:12b,C,C,A,1,0.0,0.0,1.0,0.0,0,0,15,0,15,The print revolution of the nineteenth century resulted in:,1,C,1
q115,3,gemma3:12b,B,B,A,1,0.0,1.0,0.0,0.0,0,15,0,0,15,The print revolution of the nineteenth century resulted in:,1,B,1
q117,0,gemma3:12b,C,C,C,1,0.0,0.0,1.0,0.0,0,0,15,0,15,Ethnographic research produces qualitative data because:,1,C,1
q117,1,gemma3:12b,B,B,C,1,0.0,1.0,0.0,0.0,0,15,0,0,15,Ethnographic research produces qualitative data because:,1,B,1
q117,2,gemma3:12b,A,A,C,1,1.0,0.0,0.0,0.0,15,0,0,0,15,Ethnographic research produces qualitative data because:,1,A,1
q117,3,gemma3:12b,D,D,C,1,0.0,0.0,0.0,1.0,0,0,0,15,15,Ethnographic research produces qualitative data because:,1,D,1
q118,0,gemma3:12b,B,B,B,1,0.0,1.0,0.0,0.0,0,15,0,0,15,Marx proclaimed that religion would disappear when:,1,B,1
q118,1,gemma3:12b,A,A,B,1,1.0,0.0,0.0,0.0,15,0,0,0,15,Marx proclaimed that religion would disappear when:,1,A,1
q118,2,gemma3:12b,D,D,B,1,0.0,0.0,0.0,1.0,0,0,0,15,15,Marx proclaimed that religion would disappear when:,1,D,1
q118,3,gemma3:12b,C,C,B,1,0.0,0.0,1.0,0.0,0,0,15,0,15,Marx proclaimed that religion would disappear when:,1,C,1
q119,0,gemma3:12b,B,B,B,1,0.0,1.0,0.0,0.0,0,15,0,0,15,Which of the following is not a feature of globalization?,1,B,1
q119,1,gemma3:12b,A,A,B,1,1.0,0.0,0.0,0.0,15,0,0,0,15,Which of the following is not a feature of globalization?,1,A,1
q119,2,gemma3:12b,D,D,B,1,0.0,0.0,0.0,1.0,0,0,0,15,15,Which of the following is not a feature of globalization?,1,D,1
q119,3,gemma3:12b,C,C,B,1,0.0,0.0,1.0,0.0,0,0,15,0,15,Which of the following is not a feature of globalization?,1,C,1
q120,0,gemma3:12b,C,C,C,1,0.0,0.0,1.0,0.0,0,0,15,0,15,Someone who gains a higher (or lower) social position than he or she was born into has experienced,1,C,1
q120,1,gemma3:12b,B,B,C,1,0.0,1.0,0.0,0.0,0,15,0,0,15,Someone who gains a higher (or lower) social position than he or she was born into has experienced,1,B,1
q120,2,gemma3:12b,A,A,C,1,1.0,0.0,0.0,0.0,15,0,0,0,15,Someone who gains a higher (or lower) social position than he or she was born into has experienced,1,A,1
q120,3,gemma3:12b,D,D,C,1,0.0,0.0,0.0,1.0,0,0,0,15,15,Someone who gains a higher (or lower) social position than he or she was born into has experienced,1,D,1
q121,0,gemma3:12b,C,C,C,1,0.0,0.0,1.0,0.0,0,0,15,0,15,A survey should avoid asking:,1,C,1
q121,1,gemma3:12b,B,B,C,1,0.0,1.0,0.0,0.0,0,15,0,0,15,A survey should avoid asking:,1,B,1
q121,2,gemma3:12b,A,A,C,1,1.0,0.0,0.0,0.0,15,0,0,0,15,A survey should avoid asking:,1,A,1
q121,3,gemma3:12b,D,D,C,1,0.0,0.0,0.0,1.0,0,0,0,15,15,A survey should avoid asking:,1,D,1
q122,0,gemma3:12b,B,B,B,1,0.0,1.0,0.0,0.0,0,15,0,0,15,"The theory of development which suggests that societies move from traditional to modern, industrial forms of organization is called:",1,B,1
q122,1,gemma3:12b,A,A,B,1,1.0,0.0,0.0,0.0,15,0,0,0,15,"The theory of development which suggests that societies move from traditional to modern, industrial forms of organization is called:",1,A,1
q122,2,gemma3:12b,D,D,B,1,0.0,0.0,0.0,1.0,0,0,0,15,15,"The theory of development which suggests that societies move from traditional to modern, industrial forms of organization is called:",1,D,1
q122,3,gemma3:12b,C,C,B,1,0.0,0.0,1.0,0.0,0,0,15,0,15,"The theory of development which suggests that societies move from traditional to modern, industrial forms of organization is called:",1,C,1
q123,0,gemma3:12b,B,D,D,0,0.0,1.0,0.0,0.0,0,15,0,0,15,"In modern societies, social status is typically measured by a person's:",0,B,0
q123,1,gemma3:12b,C,C,D,1,0.0,0.0,1.0,0.0,0,0,15,0,15,"In modern societies, social status is typically measured by a person's:",1,C,1
q123,2,gemma3:12b,B,B,D,1,0.0,1.0,0.0,0.0,0,15,0,0,15,"In modern societies, social status is typically measured by a person's:",1,B,1
q123,3,gemma3:12b,C,A,D,0,0.0,0.0,1.0,0.0,0,0,15,0,15,"In modern societies, social status is typically measured by a person's:",0,C,0
q124,0,gemma3:12b,C,C,C,1,0.0,0.0,1.0,0.0,0,0,15,0,15,Sociology differs from common sense in that:,1,C,1
q124,1,gemma3:12b,B,B,C,1,0.0,1.0,0.0,0.0,0,15,0,0,15,Sociology differs from common sense in that:,1,B,1
q124,2,gemma3:12b,A,A,C,1,1.0,0.0,0.0,0.0,15,0,0,0,15,Sociology differs from common sense in that:,1,A,1
q124,3,gemma3:12b,D,D,C,1,0.0,0.0,0.0,1.0,0,0,0,15,15,Sociology differs from common sense in that:,1,D,1
q125,0,gemma3:12b,A,A,A,1,1.0,0.0,0.0,0.0,15,0,0,0,15,World-affirming religions:,1,A,1
q125,1,gemma3:12b,D,D,A,1,0.0,0.0,0.0,1.0,0,0,0,15,15,World-affirming religions:,1,D,1
q125,2,gemma3:12b,C,C,A,1,0.0,0.0,1.0,0.0,0,0,15,0,15,World-affirming religions:,1,C,1
q125,3,gemma3:12b,B,B,A,1,0.0,1.0,0.0,0.0,0,15,0,0,15,World-affirming religions:,1,B,1
q126,0,gemma3:12b,B,B,B,1,0.0,1.0,0.0,0.0,0,15,0,0,15,The 'extension pattern' that Parker (1976) identified was said to be:,1,B,1
q126,1,gemma3:12b,A,A,B,1,1.0,0.0,0.0,0.0,15,0,0,0,15,The 'extension pattern' that Parker (1976) identified was said to be:,1,A,1
q126,2,gemma3:12b,D,D,B,1,0.0,0.0,0.0,1.0,0,0,0,15,15,The 'extension pattern' that Parker (1976) identified was said to be:,1,D,1
q126,3,gemma3:12b,C,C,B,1,0.0,0.0,1.0,0.0,0,0,15,0,15,The 'extension pattern' that Parker (1976) identified was said to be:,1,C,1
q127,0,gemma3:12b,C,C,C,1,0.0,0.0,1.0,0.0,0,0,15,0,15,Weber defined a 'class situation' as:,1,C,1
q127,1,gemma3:12b,B,B,C,1,0.0,1.0,0.0,0.0,0,15,0,0,15,Weber defined a 'class situation' as:,1,B,1
q127,2,gemma3:12b,A,A,C,1,1.0,0.0,0.0,0.0,15,0,0,0,15,Weber defined a 'class situation' as:,1,A,1
q127,3,gemma3:12b,D,D,C,1,0.0,0.0,0.0,1.0,0,0,0,15,15,Weber defined a 'class situation' as:,1,D,1
q128,0,gemma3:12b,D,D,D,1,0.0,0.0,0.0,1.0,0,0,0,15,15,The introduction of market principles to educational policy in the 1980s resulted in:,1,D,1
q128,1,gemma3:12b,C,C,D,1,0.0,0.0,1.0,0.0,0,0,15,0,15,The introduction of market principles to educational policy in the 1980s resulted in:,1,C,1
q128,2,gemma3:12b,B,B,D,1,0.0,1.0,0.0,0.0,0,15,0,0,15,The introduction of market principles to educational policy in the 1980s resulted in:,1,B,1
q128,3,gemma3:12b,A,A,D,1,1.0,0.0,0.0,0.0,15,0,0,0,15,The introduction of market principles to educational policy in the 1980s resulted in:,1,A,1
q130,0,gemma3:12b,C,C,C,1,0.0,0.0,1.0,0.0,0,0,15,0,15,The 'post-industrial society' identified by Bell (1973) involved:,1,C,1
q130,1,gemma3:12b,B,B,C,1,0.0,1.0,0.0,0.0,0,15,0,0,15,The 'post-industrial society' identified by Bell (1973) involved:,1,B,1
q130,2,gemma3:12b,A,A,C,1,1.0,0.0,0.0,0.0,15,0,0,0,15,The 'post-industrial society' identified by Bell (1973) involved:,1,A,1
q130,3,gemma3:12b,D,D,C,1,0.0,0.0,0.0,1.0,0,0,0,15,15,The 'post-industrial society' identified by Bell (1973) involved:,1,D,1
q131,0,gemma3:12b,D,D,D,1,0.0,0.0,0.0,1.0,0,0,0,15,15,White-collar crime is low in visibility because:,1,D,1
q131,1,gemma3:12b,C,C,D,1,0.0,0.0,1.0,0.0,0,0,15,0,15,White-collar crime is low in visibility because:,1,C,1
q131,2,gemma3:12b,B,B,D,1,0.0,1.0,0.0,0.0,0,15,0,0,15,White-collar crime is low in visibility because:,1,B,1
q131,3,gemma3:12b,A,A,D,1,1.0,0.0,0.0,0.0,15,0,0,0,15,White-collar crime is low in visibility because:,1,A,1
q132,0,gemma3:12b,D,D,D,1,0.0,0.0,0.0,1.0,0,0,0,15,15,"With industrial capitalism, leisure emerged as a concept that meant:",1,D,1
q132,1,gemma3:12b,D,C,D,0,0.0,0.0,0.0,1.0,0,0,0,15,15,"With industrial capitalism, leisure emerged as a concept that meant:",0,D,0
q132,2,gemma3:12b,C,B,D,0,0.0,0.0,1.0,0.0,0,0,15,0,15,"With industrial capitalism, leisure emerged as a concept that meant:",0,C,0
q132,3,gemma3:12b,B,A,D,0,0.0,1.0,0.0,0.0,0,15,0,0,15,"With industrial capitalism, leisure emerged as a concept that meant:",0,B,0
q133,0,gemma3:12b,A,A,A,1,1.0,0.0,0.0,0.0,15,0,0,0,15,A moral panic occurs when:,1,A,1
q133,1,gemma3:12b,D,D,A,1,0.0,0.0,0.0,1.0,0,0,0,15,15,A moral panic occurs when:,1,D,1
q133,2,gemma3:12b,C,C,A,1,0.0,0.0,1.0,0.0,0,0,15,0,15,A moral panic occurs when:,1,C,1
q133,3,gemma3:12b,B,B,A,1,0.0,1.0,0.0,0.0,0,15,0,0,15,A moral panic occurs when:,1,B,1
q134,0,gemma3:12b,D,D,D,1,0.0,0.0,0.0,1.0,0,0,0,15,15,The 'demographic transition' is a social trend that involves:,1,D,1
q134,1,gemma3:12b,C,C,D,1,0.0,0.0,1.0,0.0,0,0,15,0,15,The 'demographic transition' is a social trend that involves:,1,C,1
q134,2,gemma3:12b,B,B,D,1,0.0,1.0,0.0,0.0,0,15,0,0,15,The 'demographic transition' is a social trend that involves:,1,B,1
q134,3,gemma3:12b,A,A,D,1,1.0,0.0,0.0,0.0,15,0,0,0,15,The 'demographic transition' is a social trend that involves:,1,A,1
q135,0,gemma3:12b,B,B,B,1,0.0,1.0,0.0,0.0,0,15,0,0,15,'Snowballing' is an example of:,1,B,1
q135,1,gemma3:12b,A,A,B,1,1.0,0.0,0.0,0.0,15,0,0,0,15,'Snowballing' is an example of:,1,A,1
q135,2,gemma3:12b,D,D,B,1,0.0,0.0,0.0,1.0,0,0,0,15,15,'Snowballing' is an example of:,1,D,1
q135,3,gemma3:12b,C,C,B,1,0.0,0.0,1.0,0.0,0,0,15,0,15,'Snowballing' is an example of:,1,C,1
q136,0,gemma3:12b,B,B,B,1,0.0,1.0,0.0,0.0,0,15,0,0,15,The 'class polarization' that Marx predicted referred to:,1,B,1
q136,1,gemma3:12b,A,A,B,1,1.0,0.0,0.0,0.0,15,0,0,0,15,The 'class polarization' that Marx predicted referred to:,1,A,1
q136,2,gemma3:12b,D,D,B,1,0.0,0.0,0.0,1.0,0,0,0,15,15,The 'class polarization' that Marx predicted referred to:,1,D,1
q136,3,gemma3:12b,C,C,B,1,0.0,0.0,1.0,0.0,0,0,15,0,15,The 'class polarization' that Marx predicted referred to:,1,C,1
q137,0,gemma3:12b,D,D,D,1,0.0,0.0,0.0,1.0,0,0,0,15,15,"In the context of the labour movement in the nineteenth century, 'incorporation' meant:",1,D,1
q137,1,gemma3:12b,C,C,D,1,0.0,0.0,1.0,0.0,0,0,15,0,15,"In the context of the labour movement in the nineteenth century, 'incorporation' meant:",1,C,1
q137,2,gemma3:12b,B,B,D,1,0.0,1.0,0.0,0.0,0,15,0,0,15,"In the context of the labour movement in the nineteenth century, 'incorporation' meant:",1,B,1
q137,3,gemma3:12b,A,A,D,1,1.0,0.0,0.0,0.0,15,0,0,0,15,"In the context of the labour movement in the nineteenth century, 'incorporation' meant:",1,A,1
q138,0,gemma3:12b,A,A,A,1,1.0,0.0,0.0,0.0,15,0,0,0,15,Millions of immigrant children who entered the United States learned English and the duties of citizenship while attending public schools in the communities in which they settled. This is an example of which of the following sociological concepts?,1,A,1
q138,1,gemma3:12b,D,D,A,1,0.0,0.0,0.0,1.0,0,0,0,15,15,Millions of immigrant children who entered the United States learned English and the duties of citizenship while attending public schools in the communities in which they settled. This is an example of which of the following sociological concepts?,1,D,1
q138,2,gemma3:12b,C,C,A,1,0.0,0.0,1.0,0.0,0,0,15,0,15,Millions of immigrant children who entered the United States learned English and the duties of citizenship while attending public schools in the communities in which they settled. This is an example of which of the following sociological concepts?,1,C,1
q138,3,gemma3:12b,B,B,A,1,0.0,1.0,0.0,0.0,0,15,0,0,15,Millions of immigrant children who entered the United States learned English and the duties of citizenship while attending public schools in the communities in which they settled. This is an example of which of the following sociological concepts?,1,B,1
q139,0,gemma3:12b,D,D,D,1,0.0,0.0,0.0,1.0,0,0,0,15,15,The capitalist world economy is what Wallerstein (1974) would call a 'world system'. This term refers to:,1,D,1
q139,1,gemma3:12b,C,C,D,1,0.0,0.0,1.0,0.0,0,0,15,0,15,The capitalist world economy is what Wallerstein (1974) would call a 'world system'. This term refers to:,1,C,1
q139,2,gemma3:12b,B,B,D,1,0.0,1.0,0.0,0.0,0,15,0,0,15,The capitalist world economy is what Wallerstein (1974) would call a 'world system'. This term refers to:,1,B,1
q139,3,gemma3:12b,A,A,D,1,1.0,0.0,0.0,0.0,15,0,0,0,15,The capitalist world economy is what Wallerstein (1974) would call a 'world system'. This term refers to:,1,A,1
q140,0,gemma3:12b,D,D,D,1,0.0,0.0,0.0,1.0,0,0,0,15,15,"According to Foucault, carceral organizations:",1,D,1
q140,1,gemma3:12b,C,C,D,1,0.0,0.0,1.0,0.0,0,0,15,0,15,"According to Foucault, carceral organizations:",1,C,1
q140,2,gemma3:12b,B,B,D,1,0.0,1.0,0.0,0.0,0,15,0,0,15,"According to Foucault, carceral organizations:",1,B,1
q140,3,gemma3:12b,D,A,D,0,0.0,0.0,0.0,1.0,0,0,0,15,15,"According to Foucault, carceral organizations:",0,D,0
q141,0,gemma3:12b,B,B,B,1,0.0,1.0,0.0,0.0,0,15,0,0,15,Which of the following is not recognised as a level of society?,1,B,1
q141,1,gemma3:12b,A,A,B,1,1.0,0.0,0.0,0.0,15,0,0,0,15,Which of the following is not recognised as a level of society?,1,A,1
q141,2,gemma3:12b,D,D,B,1,0.0,0.0,0.0,1.0,0,0,0,15,15,Which of the following is not recognised as a level of society?,1,D,1
q141,3,gemma3:12b,C,C,B,1,0.0,0.0,1.0,0.0,0,0,15,0,15,Which of the following is not recognised as a level of society?,1,C,1
q142,0,gemma3:12b,B,B,B,1,0.0,1.0,0.0,0.0,0,15,0,0,15,Ethnic identity refers to:,1,B,1
q142,1,gemma3:12b,A,A,B,1,1.0,0.0,0.0,0.0,15,0,0,0,15,Ethnic identity refers to:,1,A,1
q142,2,gemma3:12b,D,D,B,1,0.0,0.0,0.0,1.0,0,0,0,15,15,Ethnic identity refers to:,1,D,1
q142,3,gemma3:12b,C,C,B,1,0.0,0.0,1.0,0.0,0,0,15,0,15,Ethnic identity refers to:,1,C,1
q143,0,gemma3:12b,B,B,B,1,0.0,1.0,0.0,0.0,0,15,0,0,15,Marriage appears to be in decline because:,1,B,1
q143,1,gemma3:12b,A,A,B,1,1.0,0.0,0.0,0.0,15,0,0,0,15,Marriage appears to be in decline because:,1,A,1
q143,2,gemma3:12b,D,D,B,1,0.0,0.0,0.0,1.0,0,0,0,15,15,Marriage appears to be in decline because:,1,D,1
q143,3,gemma3:12b,C,C,B,1,0.0,0.0,1.0,0.0,0,0,15,0,15,Marriage appears to be in decline because:,1,C,1
q144,0,gemma3:12b,D,A,A,0,0.0,0.0,0.0,1.0,0,0,0,15,15,The market model of state welfare is based on the principle of:,0,D,0
q144,1,gemma3:12b,C,D,A,0,0.0,0.0,1.0,0.0,0,0,15,0,15,The market model of state welfare is based on the principle of:,0,C,0
q144,2,gemma3:12b,C,C,A,1,0.0,0.0,1.0,0.0,0,0,15,0,15,The market model of state welfare is based on the principle of:,1,C,1
q144,3,gemma3:12b,B,B,A,1,0.0,1.0,0.0,0.0,0,15,0,0,15,The market model of state welfare is based on the principle of:,1,B,1
q145,0,gemma3:12b,B,B,B,1,0.0,1.0,0.0,0.0,0,15,0,0,15,The term feminization of poverty refers to:,1,B,1
q145,1,gemma3:12b,A,A,B,1,1.0,0.0,0.0,0.0,15,0,0,0,15,The term feminization of poverty refers to:,1,A,1
q145,2,gemma3:12b,D,D,B,1,0.0,0.0,0.0,1.0,0,0,0,15,15,The term feminization of poverty refers to:,1,D,1
q145,3,gemma3:12b,C,C,B,1,0.0,0.0,1.0,0.0,0,0,15,0,15,The term feminization of poverty refers to:,1,C,1
q146,0,gemma3:12b,C,C,C,1,0.0,0.0,1.0,0.0,0,0,15,0,15,Which of the following is not identified as a new form of community?,1,C,1
q146,1,gemma3:12b,B,B,C,1,0.0,1.0,0.0,0.0,0,15,0,0,15,Which of the following is not identified as a new form of community?,1,B,1
q146,2,gemma3:12b,A,A,C,1,1.0,0.0,0.0,0.0,15,0,0,0,15,Which of the following is not identified as a new form of community?,1,A,1
q146,3,gemma3:12b,D,D,C,1,0.0,0.0,0.0,1.0,0,0,0,15,15,Which of the following is not identified as a new form of community?,1,D,1
q147,0,gemma3:12b,A,A,A,1,1.0,0.0,0.0,0.0,15,0,0,0,15,The use of 'indentured labour' in the nineteenth century involved:,1,A,1
q147,1,gemma3:12b,D,D,A,1,0.0,0.0,0.0,1.0,0,0,0,15,15,The use of 'indentured labour' in the nineteenth century involved:,1,D,1
q147,2,gemma3:12b,C,C,A,1,0.0,0.0,1.0,0.0,0,0,15,0,15,The use of 'indentured labour' in the nineteenth century involved:,1,C,1
q147,3,gemma3:12b,B,B,A,1,0.0,1.0,0.0,0.0,0,15,0,0,15,The use of 'indentured labour' in the nineteenth century involved:,1,B,1
q148,0,gemma3:12b,D,D,D,1,0.0,0.0,0.0,1.0,0,0,0,15,15,Cultural restructuring has involved:,1,D,1
q148,1,gemma3:12b,C,C,D,1,0.0,0.0,1.0,0.0,0,0,15,0,15,Cultural restructuring has involved:,1,C,1
q148,2,gemma3:12b,B,B,D,1,0.0,1.0,0.0,0.0,0,15,0,0,15,Cultural restructuring has involved:,1,B,1
q148,3,gemma3:12b,A,A,D,1,1.0,0.0,0.0,0.0,15,0,0,0,15,Cultural restructuring has involved:,1,A,1
q149,0,gemma3:12b,D,B,B,0,0.0,0.0,0.0,1.0,0,0,0,15,15,Which of the following was not part of Weber's ideal type of bureaucracy?,0,D,0
q149,1,gemma3:12b,A,A,B,1,1.0,0.0,0.0,0.0,15,0,0,0,15,Which of the following was not part of Weber's ideal type of bureaucracy?,1,A,1
q149,2,gemma3:12b,B,D,B,0,0.0,0.9333333333333332,0.0,0.0666666666666666,0,14,0,1,15,Which of the following was not part of Weber's ideal type of bureaucracy?,0,B,0
q149,3,gemma3:12b,A,C,B,0,1.0,0.0,0.0,0.0,15,0,0,0,15,Which of the following was not part of Weber's ideal type of bureaucracy?,0,A,0
q150,0,gemma3:12b,D,D,D,1,0.0,0.0,0.0,1.0,0,0,0,15,15,Which of the following is the most important agent of socialization in early childhood?,1,D,1
q150,1,gemma3:12b,C,C,D,1,0.0,0.0,1.0,0.0,0,0,15,0,15,Which of the following is the most important agent of socialization in early childhood?,1,C,1
q150,2,gemma3:12b,B,B,D,1,0.0,1.0,0.0,0.0,0,15,0,0,15,Which of the following is the most important agent of socialization in early childhood?,1,B,1
q150,3,gemma3:12b,A,A,D,1,1.0,0.0,0.0,0.0,15,0,0,0,15,Which of the following is the most important agent of socialization in early childhood?,1,A,1
q151,0,gemma3:12b,A,A,A,1,1.0,0.0,0.0,0.0,15,0,0,0,15,Which of the following is not a 'research purpose'?,1,A,1
q151,1,gemma3:12b,D,D,A,1,0.0,0.0,0.0,1.0,0,0,0,15,15,Which of the following is not a 'research purpose'?,1,D,1
q151,2,gemma3:12b,C,C,A,1,0.0,0.0,1.0,0.0,0,0,15,0,15,Which of the following is not a 'research purpose'?,1,C,1
q151,3,gemma3:12b,B,B,A,1,0.0,1.0,0.0,0.0,0,15,0,0,15,Which of the following is not a 'research purpose'?,1,B,1
q152,0,gemma3:12b,A,C,C,0,1.0,0.0,0.0,0.0,15,0,0,0,15,'Scientific' theories in the nineteenth century tried to explain race in naturalistic terms. Which of the following ideas was not considered?,0,A,0
q152,1,gemma3:12b,D,B,C,0,0.0,0.0,0.0,1.0,0,0,0,15,15,'Scientific' theories in the nineteenth century tried to explain race in naturalistic terms. Which of the following ideas was not considered?,0,D,0
q152,2,gemma3:12b,C,A,C,0,0.0,0.0,1.0,0.0,0,0,15,0,15,'Scientific' theories in the nineteenth century tried to explain race in naturalistic terms. Which of the following ideas was not considered?,0,C,0
q152,3,gemma3:12b,B,D,C,0,0.0,1.0,0.0,0.0,0,15,0,0,15,'Scientific' theories in the nineteenth century tried to explain race in naturalistic terms. Which of the following ideas was not considered?,0,B,0
q154,0,gemma3:12b,A,C,C,0,1.0,0.0,0.0,0.0,15,0,0,0,15,Which of the following industries did Blauner (1964) suggest was most alienating to its employees?,0,A,0
q154,1,gemma3:12b,B,B,C,1,0.0,1.0,0.0,0.0,0,15,0,0,15,Which of the following industries did Blauner (1964) suggest was most alienating to its employees?,1,B,1
q154,2,gemma3:12b,A,A,C,1,1.0,0.0,0.0,0.0,15,0,0,0,15,Which of the following industries did Blauner (1964) suggest was most alienating to its employees?,1,A,1
q154,3,gemma3:12b,B,D,C,0,0.0,1.0,0.0,0.0,0,15,0,0,15,Which of the following industries did Blauner (1964) suggest was most alienating to its employees?,0,B,0
q155,0,gemma3:12b,A,D,D,0,1.0,0.0,0.0,0.0,15,0,0,0,15,The 'decentralized city' can be identified by:,0,A,0
q155,1,gemma3:12b,D,C,D,0,0.0,0.0,0.0,1.0,0,0,0,15,15,The 'decentralized city' can be identified by:,0,D,0
q155,2,gemma3:12b,C,B,D,0,0.0,0.0,1.0,0.0,0,0,15,0,15,The 'decentralized city' can be identified by:,0,C,0
q155,3,gemma3:12b,B,A,D,0,0.0,1.0,0.0,0.0,0,15,0,0,15,The 'decentralized city' can be identified by:,0,B,0
q156,0,gemma3:12b,C,C,C,1,0.0,0.0,1.0,0.0,0,0,15,0,15,Lombroso claimed that:,1,C,1
q156,1,gemma3:12b,B,B,C,1,0.0,1.0,0.0,0.0,0,15,0,0,15,Lombroso claimed that:,1,B,1
q156,2,gemma3:12b,A,A,C,1,1.0,0.0,0.0,0.0,15,0,0,0,15,Lombroso claimed that:,1,A,1
q156,3,gemma3:12b,D,D,C,1,0.0,0.0,0.0,1.0,0,0,0,15,15,Lombroso claimed that:,1,D,1
q157,0,gemma3:12b,D,D,D,1,0.0,0.0,0.0,1.0,0,0,0,15,15,Warner and Myrdal claimed that black former slaves were not joining the 'ethnic melting pot' of the North American cities because:,1,D,1
q157,1,gemma3:12b,C,C,D,1,0.0,0.0,1.0,0.0,0,0,15,0,15,Warner and Myrdal claimed that black former slaves were not joining the 'ethnic melting pot' of the North American cities because:,1,C,1
q157,2,gemma3:12b,B,B,D,1,0.0,1.0,0.0,0.0,0,15,0,0,15,Warner and Myrdal claimed that black former slaves were not joining the 'ethnic melting pot' of the North American cities because:,1,B,1
q157,3,gemma3:12b,A,A,D,1,1.0,0.0,0.0,0.0,15,0,0,0,15,Warner and Myrdal claimed that black former slaves were not joining the 'ethnic melting pot' of the North American cities because:,1,A,1
q158,0,gemma3:12b,B,B,B,1,0.0,1.0,0.0,0.0,0,15,0,0,15,"When Berger & Luckmann said that reality is socially constructed, they meant:",1,B,1
q158,1,gemma3:12b,A,A,B,1,1.0,0.0,0.0,0.0,15,0,0,0,15,"When Berger & Luckmann said that reality is socially constructed, they meant:",1,A,1
q158,2,gemma3:12b,D,D,B,1,0.0,0.0,0.0,1.0,0,0,0,15,15,"When Berger & Luckmann said that reality is socially constructed, they meant:",1,D,1
q158,3,gemma3:12b,C,C,B,1,0.0,0.0,1.0,0.0,0,0,15,0,15,"When Berger & Luckmann said that reality is socially constructed, they meant:",1,C,1
q160,0,gemma3:12b,A,B,B,0,1.0,0.0,0.0,0.0,15,0,0,0,15,Pilcher (1999) identified soap operas as a 'feminine genre' of media because:,0,A,0
q160,1,gemma3:12b,A,A,B,1,1.0,0.0,0.0,0.0,15,0,0,0,15,Pilcher (1999) identified soap operas as a 'feminine genre' of media because:,1,A,1
q160,2,gemma3:12b,D,D,B,1,0.0,0.0,0.0,1.0,0,0,0,15,15,Pilcher (1999) identified soap operas as a 'feminine genre' of media because:,1,D,1
q160,3,gemma3:12b,C,C,B,1,0.0,0.0,1.0,0.0,0,0,15,0,15,Pilcher (1999) identified soap operas as a 'feminine genre' of media because:,1,C,1
q161,0,gemma3:12b,C,C,C,1,0.0,0.0,1.0,0.0,0,0,15,0,15,Which of these was not one of Townsend's (1979) indicators of relative deprivation?,1,C,1
q161,1,gemma3:12b,B,B,C,1,0.0,1.0,0.0,0.0,0,15,0,0,15,Which of these was not one of Townsend's (1979) indicators of relative deprivation?,1,B,1
q161,2,gemma3:12b,A,A,C,1,1.0,0.0,0.0,0.0,15,0,0,0,15,Which of these was not one of Townsend's (1979) indicators of relative deprivation?,1,A,1
q161,3,gemma3:12b,D,D,C,1,0.0,0.0,0.0,1.0,0,0,0,15,15,Which of these was not one of Townsend's (1979) indicators of relative deprivation?,1,D,1
q162,0,gemma3:12b,D,D,D,1,0.0,0.0,0.0,1.0,0,0,0,15,15,Children who are still sucking their thumbs when they enter kindergarten are often subject to teasing and ridicule for this behavior. What type of social sanction is applied in this instance?,1,D,1
q162,1,gemma3:12b,C,C,D,1,0.0,0.0,1.0,0.0,0,0,15,0,15,Children who are still sucking their thumbs when they enter kindergarten are often subject to teasing and ridicule for this behavior. What type of social sanction is applied in this instance?,1,C,1
q162,2,gemma3:12b,B,B,D,1,0.0,1.0,0.0,0.0,0,15,0,0,15,Children who are still sucking their thumbs when they enter kindergarten are often subject to teasing and ridicule for this behavior. What type of social sanction is applied in this instance?,1,B,1
q162,3,gemma3:12b,A,A,D,1,1.0,0.0,0.0,0.0,15,0,0,0,15,Children who are still sucking their thumbs when they enter kindergarten are often subject to teasing and ridicule for this behavior. What type of social sanction is applied in this instance?,1,A,1
q163,0,gemma3:12b,B,B,B,1,0.0,1.0,0.0,0.0,0,15,0,0,15,The concept of political culture refers to the,1,B,1
q163,1,gemma3:12b,A,A,B,1,1.0,0.0,0.0,0.0,15,0,0,0,15,The concept of political culture refers to the,1,A,1
q163,2,gemma3:12b,D,D,B,1,0.0,0.0,0.0,1.0,0,0,0,15,15,The concept of political culture refers to the,1,D,1
q163,3,gemma3:12b,C,C,B,1,0.0,0.0,1.0,0.0,0,0,15,0,15,The concept of political culture refers to the,1,C,1
q164,0,gemma3:12b,B,A,A,0,0.0,1.0,0.0,0.0,0,15,0,0,15,"Walt Disney, Sony and Time Warner are examples of:",0,B,0
q164,1,gemma3:12b,D,D,A,1,0.0,0.0,0.0,1.0,0,0,0,15,15,"Walt Disney, Sony and Time Warner are examples of:",1,D,1
q164,2,gemma3:12b,D,C,A,0,0.0,0.0,0.0,1.0,0,0,0,15,15,"Walt Disney, Sony and Time Warner are examples of:",0,D,0
q164,3,gemma3:12b,C,B,A,0,0.0,0.0,1.0,0.0,0,0,15,0,15,"Walt Disney, Sony and Time Warner are examples of:",0,C,0
q165,0,gemma3:12b,B,B,B,1,0.0,1.0,0.0,0.0,0,15,0,0,15,Equilibrium theories of social change emphasize,1,B,1
q165,1,gemma3:12b,A,A,B,1,1.0,0.0,0.0,0.0,15,0,0,0,15,Equilibrium theories of social change emphasize,1,A,1
q165,2,gemma3:12b,D,D,B,1,0.0,0.0,0.0,1.0,0,0,0,15,15,Equilibrium theories of social change emphasize,1,D,1
q165,3,gemma3:12b,C,C,B,1,0.0,0.0,1.0,0.0,0,0,15,0,15,Equilibrium theories of social change emphasize,1,C,1
q167,0,gemma3:12b,B,B,B,1,0.0,1.0,0.0,0.0,0,15,0,0,15,The 'absolute' poverty line is drawn to show:,1,B,1
q167,1,gemma3:12b,A,A,B,1,1.0,0.0,0.0,0.0,15,0,0,0,15,The 'absolute' poverty line is drawn to show:,1,A,1
q167,2,gemma3:12b,D,D,B,1,0.0,0.0,0.0,1.0,0,0,0,15,15,The 'absolute' poverty line is drawn to show:,1,D,1
q167,3,gemma3:12b,C,C,B,1,0.0,0.0,1.0,0.0,0,0,15,0,15,The 'absolute' poverty line is drawn to show:,1,C,1
q168,0,gemma3:12b,C,C,C,1,0.0,0.0,1.0,0.0,0,0,15,0,15,'Eyeballing' is a technique that involves:,1,C,1
q168,1,gemma3:12b,B,B,C,1,0.0,1.0,0.0,0.0,0,15,0,0,15,'Eyeballing' is a technique that involves:,1,B,1
q168,2,gemma3:12b,A,A,C,1,1.0,0.0,0.0,0.0,15,0,0,0,15,'Eyeballing' is a technique that involves:,1,A,1
q168,3,gemma3:12b,D,D,C,1,0.0,0.0,0.0,1.0,0,0,0,15,15,'Eyeballing' is a technique that involves:,1,D,1
q169,0,gemma3:12b,A,A,A,1,1.0,0.0,0.0,0.0,15,0,0,0,15,Which of the following was not a strategy used by the Conservative government of 1979 to reduce the power of the labour movement?,1,A,1
q169,1,gemma3:12b,D,D,A,1,0.0,0.0,0.0,1.0,0,0,0,15,15,Which of the following was not a strategy used by the Conservative government of 1979 to reduce the power of the labour movement?,1,D,1
q169,2,gemma3:12b,C,C,A,1,0.0,0.0,1.0,0.0,0,0,15,0,15,Which of the following was not a strategy used by the Conservative government of 1979 to reduce the power of the labour movement?,1,C,1
q169,3,gemma3:12b,B,B,A,1,0.0,1.0,0.0,0.0,0,15,0,0,15,Which of the following was not a strategy used by the Conservative government of 1979 to reduce the power of the labour movement?,1,B,1
q170,0,gemma3:12b,B,C,C,0,0.0,1.0,0.0,0.0,0,15,0,0,15,"In the nineteenth century, homosexuality was understood as:",0,B,0
q170,1,gemma3:12b,B,B,C,1,0.0,1.0,0.0,0.0,0,15,0,0,15,"In the nineteenth century, homosexuality was understood as:",1,B,1
q170,2,gemma3:12b,D,A,C,0,0.0,0.0,0.0,1.0,0,0,0,15,15,"In the nineteenth century, homosexuality was understood as:",0,D,0
q170,3,gemma3:12b,C,D,C,0,0.0,0.0,1.0,0.0,0,0,15,0,15,"In the nineteenth century, homosexuality was understood as:",0,C,0
q171,0,gemma3:12b,B,B,B,1,0.0,1.0,0.0,0.0,0,15,0,0,15,The population pyramid of a population that has had a slightly larger birth rate than death rate for several generations will most likely have which of the following shapes?,1,B,1
q171,1,gemma3:12b,A,A,B,1,1.0,0.0,0.0,0.0,15,0,0,0,15,The population pyramid of a population that has had a slightly larger birth rate than death rate for several generations will most likely have which of the following shapes?,1,A,1
q171,2,gemma3:12b,D,D,B,1,0.0,0.0,0.0,1.0,0,0,0,15,15,The population pyramid of a population that has had a slightly larger birth rate than death rate for several generations will most likely have which of the following shapes?,1,D,1
q171,3,gemma3:12b,C,C,B,1,0.0,0.0,1.0,0.0,0,0,15,0,15,The population pyramid of a population that has had a slightly larger birth rate than death rate for several generations will most likely have which of the following shapes?,1,C,1
q173,0,gemma3:12b,A,A,A,1,1.0,0.0,0.0,0.0,15,0,0,0,15,Giselle graduated from college with high honors in management. She was recruited immediately following college by a large corporation and accepted a position in junior management. She quickly advanced to middle management. Ten years later Giselle was still in a middle-management position and had witnessed junior male colleagues promoted over her. Which of the following is a phenomenon that is most likely to explain Giselle's lack of promotion?,1,A,1
q173,1,gemma3:12b,D,D,A,1,0.0,0.0,0.0,1.0,0,0,0,15,15,Giselle graduated from college with high honors in management. She was recruited immediately following college by a large corporation and accepted a position in junior management. She quickly advanced to middle management. Ten years later Giselle was still in a middle-management position and had witnessed junior male colleagues promoted over her. Which of the following is a phenomenon that is most likely to explain Giselle's lack of promotion?,1,D,1
q173,2,gemma3:12b,C,C,A,1,0.0,0.0,1.0,0.0,0,0,15,0,15,Giselle graduated from college with high honors in management. She was recruited immediately following college by a large corporation and accepted a position in junior management. She quickly advanced to middle management. Ten years later Giselle was still in a middle-management position and had witnessed junior male colleagues promoted over her. Which of the following is a phenomenon that is most likely to explain Giselle's lack of promotion?,1,C,1
q173,3,gemma3:12b,B,B,A,1,0.0,1.0,0.0,0.0,0,15,0,0,15,Giselle graduated from college with high honors in management. She was recruited immediately following college by a large corporation and accepted a position in junior management. She quickly advanced to middle management. Ten years later Giselle was still in a middle-management position and had witnessed junior male colleagues promoted over her. Which of the following is a phenomenon that is most likely to explain Giselle's lack of promotion?,1,B,1
q174,0,gemma3:12b,B,B,B,1,0.0,1.0,0.0,0.0,0,15,0,0,15,The Mafia is an example of:,1,B,1
q174,1,gemma3:12b,A,A,B,1,1.0,0.0,0.0,0.0,15,0,0,0,15,The Mafia is an example of:,1,A,1
q174,2,gemma3:12b,D,D,B,1,0.0,0.0,0.0,1.0,0,0,0,15,15,The Mafia is an example of:,1,D,1
q174,3,gemma3:12b,C,C,B,1,0.0,0.0,1.0,0.0,0,0,15,0,15,The Mafia is an example of:,1,C,1
q175,0,gemma3:12b,A,A,A,1,1.0,0.0,0.0,0.0,15,0,0,0,15,Goldthorpe identified the 'service class' as:,1,A,1
q175,1,gemma3:12b,D,D,A,1,0.0,0.0,0.0,1.0,0,0,0,15,15,Goldthorpe identified the 'service class' as:,1,D,1
q175,2,gemma3:12b,C,C,A,1,0.0,0.0,1.0,0.0,0,0,15,0,15,Goldthorpe identified the 'service class' as:,1,C,1
q175,3,gemma3:12b,B,B,A,1,0.0,1.0,0.0,0.0,0,15,0,0,15,Goldthorpe identified the 'service class' as:,1,B,1
q177,0,gemma3:12b,D,D,D,1,0.0,0.0,0.0,1.0,0,0,0,15,15,The term 'collective consumption' (Castells 1977) refers to:,1,D,1
q177,1,gemma3:12b,C,C,D,1,0.0,0.0,1.0,0.0,0,0,15,0,15,The term 'collective consumption' (Castells 1977) refers to:,1,C,1
q177,2,gemma3:12b,B,B,D,1,0.0,1.0,0.0,0.0,0,15,0,0,15,The term 'collective consumption' (Castells 1977) refers to:,1,B,1
q177,3,gemma3:12b,A,A,D,1,1.0,0.0,0.0,0.0,15,0,0,0,15,The term 'collective consumption' (Castells 1977) refers to:,1,A,1
q178,0,gemma3:12b,B,B,B,1,0.0,1.0,0.0,0.0,0,15,0,0,15,The deviant subculture of homosexuals who met in seventeenth and eighteenth century London was called the:,1,B,1
q178,1,gemma3:12b,A,A,B,1,1.0,0.0,0.0,0.0,15,0,0,0,15,The deviant subculture of homosexuals who met in seventeenth and eighteenth century London was called the:,1,A,1
q178,2,gemma3:12b,D,D,B,1,0.0,0.0,0.0,1.0,0,0,0,15,15,The deviant subculture of homosexuals who met in seventeenth and eighteenth century London was called the:,1,D,1
q178,3,gemma3:12b,C,C,B,1,0.0,0.0,1.0,0.0,0,0,15,0,15,The deviant subculture of homosexuals who met in seventeenth and eighteenth century London was called the:,1,C,1
q180,0,gemma3:12b,C,C,C,1,0.0,0.0,1.0,0.0,0,0,15,0,15,"In Durkheim's work, the term 'collective representations' refers to:",1,C,1
q180,1,gemma3:12b,B,B,C,1,0.0,1.0,0.0,0.0,0,15,0,0,15,"In Durkheim's work, the term 'collective representations' refers to:",1,B,1
q180,2,gemma3:12b,A,A,C,1,1.0,0.0,0.0,0.0,15,0,0,0,15,"In Durkheim's work, the term 'collective representations' refers to:",1,A,1
q180,3,gemma3:12b,D,D,C,1,0.0,0.0,0.0,1.0,0,0,0,15,15,"In Durkheim's work, the term 'collective representations' refers to:",1,D,1
q181,0,gemma3:12b,B,B,B,1,0.0,1.0,0.0,0.0,0,15,0,0,15,Which of the following is not a characteristic of totalitarian societies?,1,B,1
q181,1,gemma3:12b,A,A,B,1,1.0,0.0,0.0,0.0,15,0,0,0,15,Which of the following is not a characteristic of totalitarian societies?,1,A,1
q181,2,gemma3:12b,D,D,B,1,0.0,0.0,0.0,1.0,0,0,0,15,15,Which of the following is not a characteristic of totalitarian societies?,1,D,1
q181,3,gemma3:12b,C,C,B,1,0.0,0.0,1.0,0.0,0,0,15,0,15,Which of the following is not a characteristic of totalitarian societies?,1,C,1
q182,0,gemma3:12b,C,C,C,1,0.0,0.0,1.0,0.0,0,0,15,0,15,Freud's notion of the 'ego' referred to:,1,C,1
q182,1,gemma3:12b,B,B,C,1,0.0,1.0,0.0,0.0,0,15,0,0,15,Freud's notion of the 'ego' referred to:,1,B,1
q182,2,gemma3:12b,A,A,C,1,1.0,0.0,0.0,0.0,15,0,0,0,15,Freud's notion of the 'ego' referred to:,1,A,1
q182,3,gemma3:12b,D,D,C,1,0.0,0.0,0.0,1.0,0,0,0,15,15,Freud's notion of the 'ego' referred to:,1,D,1
q183,0,gemma3:12b,A,A,A,1,1.0,0.0,0.0,0.0,15,0,0,0,15,Which of the following theories focuses on how society manages to carry out the activities necessary to maintain order and stability?,1,A,1
q183,1,gemma3:12b,D,D,A,1,0.0,0.0,0.0,1.0,0,0,0,15,15,Which of the following theories focuses on how society manages to carry out the activities necessary to maintain order and stability?,1,D,1
q183,2,gemma3:12b,C,C,A,1,0.0,0.0,1.0,0.0,0,0,15,0,15,Which of the following theories focuses on how society manages to carry out the activities necessary to maintain order and stability?,1,C,1
q183,3,gemma3:12b,B,B,A,1,0.0,1.0,0.0,0.0,0,15,0,0,15,Which of the following theories focuses on how society manages to carry out the activities necessary to maintain order and stability?,1,B,1
q185,0,gemma3:12b,C,C,C,1,0.0,0.0,1.0,0.0,0,0,15,0,15,The tripartite system used the 11+ exam to select pupils for:,1,C,1
q185,1,gemma3:12b,B,B,C,1,0.0,1.0,0.0,0.0,0,15,0,0,15,The tripartite system used the 11+ exam to select pupils for:,1,B,1
q185,2,gemma3:12b,A,A,C,1,1.0,0.0,0.0,0.0,15,0,0,0,15,The tripartite system used the 11+ exam to select pupils for:,1,A,1
q185,3,gemma3:12b,D,D,C,1,0.0,0.0,0.0,1.0,0,0,0,15,15,The tripartite system used the 11+ exam to select pupils for:,1,D,1
q186,0,gemma3:12b,A,A,A,1,1.0,0.0,0.0,0.0,15,0,0,0,15,Durkheim defined social facts as:,1,A,1
q186,1,gemma3:12b,D,D,A,1,0.0,0.0,0.0,1.0,0,0,0,15,15,Durkheim defined social facts as:,1,D,1
q186,2,gemma3:12b,C,C,A,1,0.0,0.0,1.0,0.0,0,0,15,0,15,Durkheim defined social facts as:,1,C,1
q186,3,gemma3:12b,B,B,A,1,0.0,1.0,0.0,0.0,0,15,0,0,15,Durkheim defined social facts as:,1,B,1
q187,0,gemma3:12b,D,D,D,1,0.0,0.0,0.0,1.0,0,0,0,15,15,The media-themes model of media influence claims that:,1,D,1
q187,1,gemma3:12b,C,C,D,1,0.0,0.0,1.0,0.0,0,0,15,0,15,The media-themes model of media influence claims that:,1,C,1
q187,2,gemma3:12b,B,B,D,1,0.0,1.0,0.0,0.0,0,15,0,0,15,The media-themes model of media influence claims that:,1,B,1
q187,3,gemma3:12b,A,A,D,1,1.0,0.0,0.0,0.0,15,0,0,0,15,The media-themes model of media influence claims that:,1,A,1
q189,0,gemma3:12b,D,D,D,1,0.0,0.0,0.0,1.0,0,0,0,15,15,War became possible between nation states in the nineteenth century because:,1,D,1
q189,1,gemma3:12b,C,C,D,1,0.0,0.0,1.0,0.0,0,0,15,0,15,War became possible between nation states in the nineteenth century because:,1,C,1
q189,2,gemma3:12b,B,B,D,1,0.0,1.0,0.0,0.0,0,15,0,0,15,War became possible between nation states in the nineteenth century because:,1,B,1
q189,3,gemma3:12b,A,A,D,1,0.5333333333333333,0.0,0.0,0.4666666666666667,8,0,0,7,15,War became possible between nation states in the nineteenth century because:,1,A,1
q190,0,gemma3:12b,C,C,C,1,0.0,0.0,1.0,0.0,0,0,15,0,15,Which of the following is not identified by Fulcher & Scott as a criterion of community?,1,C,1
q190,1,gemma3:12b,B,B,C,1,0.0,1.0,0.0,0.0,0,15,0,0,15,Which of the following is not identified by Fulcher & Scott as a criterion of community?,1,B,1
q190,2,gemma3:12b,A,A,C,1,1.0,0.0,0.0,0.0,15,0,0,0,15,Which of the following is not identified by Fulcher & Scott as a criterion of community?,1,A,1
q190,3,gemma3:12b,D,D,C,1,0.0,0.0,0.0,1.0,0,0,0,15,15,Which of the following is not identified by Fulcher & Scott as a criterion of community?,1,D,1
q191,0,gemma3:12b,D,C,C,0,0.0,0.0,0.4666666666666667,0.5333333333333333,0,0,7,8,15,The 'Great Migration' of 1916-1919 meant that Chicago became an ethnically diverse city. The consequence of this was:,0,D,0
q191,1,gemma3:12b,C,B,C,0,0.0,0.0,1.0,0.0,0,0,15,0,15,The 'Great Migration' of 1916-1919 meant that Chicago became an ethnically diverse city. The consequence of this was:,0,C,0
q191,2,gemma3:12b,B,A,C,0,0.0,1.0,0.0,0.0,0,15,0,0,15,The 'Great Migration' of 1916-1919 meant that Chicago became an ethnically diverse city. The consequence of this was:,0,B,0
q191,3,gemma3:12b,D,D,C,1,0.0,0.0,0.0,1.0,0,0,0,15,15,The 'Great Migration' of 1916-1919 meant that Chicago became an ethnically diverse city. The consequence of this was:,1,D,1
q192,0,gemma3:12b,D,D,D,1,0.0,0.0,0.0,1.0,0,0,0,15,15,"According to Scott (1990), a document is 'authentic' if it:",1,D,1
q192,1,gemma3:12b,C,C,D,1,0.0,0.0,1.0,0.0,0,0,15,0,15,"According to Scott (1990), a document is 'authentic' if it:",1,C,1
q192,2,gemma3:12b,B,B,D,1,0.0,1.0,0.0,0.0,0,15,0,0,15,"According to Scott (1990), a document is 'authentic' if it:",1,B,1
q192,3,gemma3:12b,A,A,D,1,1.0,0.0,0.0,0.0,15,0,0,0,15,"According to Scott (1990), a document is 'authentic' if it:",1,A,1
q193,0,gemma3:12b,A,A,A,1,1.0,0.0,0.0,0.0,15,0,0,0,15,Which of the following is not a consequence of global tourism?,1,A,1
q193,1,gemma3:12b,D,D,A,1,0.0,0.0,0.0,1.0,0,0,0,15,15,Which of the following is not a consequence of global tourism?,1,D,1
q193,2,gemma3:12b,C,C,A,1,0.0,0.0,1.0,0.0,0,0,15,0,15,Which of the following is not a consequence of global tourism?,1,C,1
q193,3,gemma3:12b,B,B,A,1,0.0,1.0,0.0,0.0,0,15,0,0,15,Which of the following is not a consequence of global tourism?,1,B,1
q194,0,gemma3:12b,C,C,C,1,0.0,0.0,1.0,0.0,0,0,15,0,15,Which of the following did Thatcher's government not strive to achieve:,1,C,1
q194,1,gemma3:12b,B,B,C,1,0.0,1.0,0.0,0.0,0,15,0,0,15,Which of the following did Thatcher's government not strive to achieve:,1,B,1
q194,2,gemma3:12b,A,A,C,1,1.0,0.0,0.0,0.0,15,0,0,0,15,Which of the following did Thatcher's government not strive to achieve:,1,A,1
q194,3,gemma3:12b,D,D,C,1,0.0,0.0,0.0,1.0,0,0,0,15,15,Which of the following did Thatcher's government not strive to achieve:,1,D,1
q195,0,gemma3:12b,B,B,B,1,0.0,1.0,0.0,0.0,0,15,0,0,15,One of the ethical problems with covert participant observation is:,1,B,1
q195,1,gemma3:12b,A,A,B,1,1.0,0.0,0.0,0.0,15,0,0,0,15,One of the ethical problems with covert participant observation is:,1,A,1
q195,2,gemma3:12b,D,D,B,1,0.0,0.0,0.0,1.0,0,0,0,15,15,One of the ethical problems with covert participant observation is:,1,D,1
q195,3,gemma3:12b,C,C,B,1,0.0,0.0,1.0,0.0,0,0,15,0,15,One of the ethical problems with covert participant observation is:,1,C,1
q196,0,gemma3:12b,B,B,B,1,0.0,1.0,0.0,0.0,0,15,0,0,15,The embourgeoisement thesis suggests that:,1,B,1
q196,1,gemma3:12b,A,A,B,1,1.0,0.0,0.0,0.0,15,0,0,0,15,The embourgeoisement thesis suggests that:,1,A,1
q196,2,gemma3:12b,D,D,B,1,0.0,0.0,0.0,1.0,0,0,0,15,15,The embourgeoisement thesis suggests that:,1,D,1
q196,3,gemma3:12b,C,C,B,1,0.0,0.0,1.0,0.0,0,0,15,0,15,The embourgeoisement thesis suggests that:,1,C,1
q197,0,gemma3:12b,D,D,D,1,0.0,0.0,0.0,1.0,0,0,0,15,15,Women have been excluded from the public sphere because:,1,D,1
q197,1,gemma3:12b,C,C,D,1,0.0,0.0,1.0,0.0,0,0,15,0,15,Women have been excluded from the public sphere because:,1,C,1
q197,2,gemma3:12b,B,B,D,1,0.0,1.0,0.0,0.0,0,15,0,0,15,Women have been excluded from the public sphere because:,1,B,1
q197,3,gemma3:12b,A,A,D,1,1.0,0.0,0.0,0.0,15,0,0,0,15,Women have been excluded from the public sphere because:,1,A,1
q198,0,gemma3:12b,C,C,C,1,0.0,0.0,1.0,0.0,0,0,15,0,15,Economic aid has largely failed to promote modernization in the developing countries because:,1,C,1
q198,1,gemma3:12b,B,B,C,1,0.0,1.0,0.0,0.0,0,15,0,0,15,Economic aid has largely failed to promote modernization in the developing countries because:,1,B,1
q198,2,gemma3:12b,A,A,C,1,1.0,0.0,0.0,0.0,15,0,0,0,15,Economic aid has largely failed to promote modernization in the developing countries because:,1,A,1
q198,3,gemma3:12b,A,D,C,0,1.0,0.0,0.0,0.0,15,0,0,0,15,Economic aid has largely failed to promote modernization in the developing countries because:,0,A,0
q199,0,gemma3:12b,D,D,D,1,0.0,0.0,0.0,1.0,0,0,0,15,15,How is terrorism different from the types of crime described by the Chicago School?,1,D,1
q199,1,gemma3:12b,D,C,D,0,0.0,0.0,0.0,1.0,0,0,0,15,15,How is terrorism different from the types of crime described by the Chicago School?,0,D,0
q199,2,gemma3:12b,B,B,D,1,0.0,1.0,0.0,0.0,0,15,0,0,15,How is terrorism different from the types of crime described by the Chicago School?,1,B,1
q199,3,gemma3:12b,A,A,D,1,1.0,0.0,0.0,0.0,15,0,0,0,15,How is terrorism different from the types of crime described by the Chicago School?,1,A,1
q200,0,gemma3:12b,B,B,B,1,0.0,1.0,0.0,0.0,0,15,0,0,15,The human relations approach emphasized the importance of:,1,B,1
q200,1,gemma3:12b,A,A,B,1,1.0,0.0,0.0,0.0,15,0,0,0,15,The human relations approach emphasized the importance of:,1,A,1
q200,2,gemma3:12b,D,D,B,1,0.0,0.0,0.0,1.0,0,0,0,15,15,The human relations approach emphasized the importance of:,1,D,1
q200,3,gemma3:12b,C,C,B,1,0.0,0.0,1.0,0.0,0,0,15,0,15,The human relations approach emphasized the importance of:,1,C,1
q201,0,gemma3:12b,B,B,B,1,0.0,0.5333333333333333,0.0,0.4666666666666667,0,8,0,7,15,Which of the following did Domhoff not identify as a process of decision-making in the USA?,1,B,1
q201,1,gemma3:12b,D,A,B,0,0.0,0.0,0.0,1.0,0,0,0,15,15,Which of the following did Domhoff not identify as a process of decision-making in the USA?,0,D,0
q201,2,gemma3:12b,D,D,B,1,0.0,0.0,0.0,1.0,0,0,0,15,15,Which of the following did Domhoff not identify as a process of decision-making in the USA?,1,D,1
q201,3,gemma3:12b,C,C,B,1,0.0,0.0,1.0,0.0,0,0,15,0,15,Which of the following did Domhoff not identify as a process of decision-making in the USA?,1,C,1
