question_id,permutation_idx,prob_A,prob_B,prob_C,prob_D,predicted_answer,correct_position,correct_answer,model,temperature
q1,0,1.0,0.0,0.0,0.0,A,A,A,Qwen/Qwen2.5-7B-Instruct,0.5
q1,1,0.0,0.0,0.0,1.0,D,D,A,Qwen/Qwen2.5-7B-Instruct,0.5
q1,2,0.0,0.0,1.0,0.0,C,C,A,Qwen/Qwen2.5-7B-Instruct,0.5
q1,3,0.0,1.0,0.0,0.0,B,B,A,Qwen/Qwen2.5-7B-Instruct,0.5
q2,0,0.0,0.0,1.0,0.0,C,C,C,Qwen/Qwen2.5-7B-Instruct,0.5
q2,1,0.0,1.0,0.0,0.0,B,B,C,Qwen/Qwen2.5-7B-Instruct,0.5
q2,2,1.0,0.0,0.0,0.0,A,A,C,Qwen/Qwen2.5-7B-Instruct,0.5
q2,3,0.0,1.0,0.0,0.0,B,D,C,Qwen/Qwen2.5-7B-Instruct,0.5
q3,0,0.0,0.0,0.0,1.0,D,B,B,Qwen/Qwen2.5-7B-Instruct,0.5
q3,1,1.0,0.0,0.0,0.0,A,A,B,Qwen/Qwen2.5-7B-Instruct,0.5
q3,2,0.0,1.0,0.0,0.0,B,D,B,Qwen/Qwen2.5-7B-Instruct,0.5
q3,3,1.0,0.0,0.0,0.0,A,C,B,Qwen/Qwen2.5-7B-Instruct,0.5
q4,0,1.0,0.0,0.0,0.0,A,A,A,Qwen/Qwen2.5-7B-Instruct,0.5
q4,1,0.0,0.0,0.0,1.0,D,D,A,Qwen/Qwen2.5-7B-Instruct,0.5
q4,2,0.0,0.0,0.0,1.0,D,C,A,Qwen/Qwen2.5-7B-Instruct,0.5
q4,3,0.0,1.0,0.0,0.0,B,B,A,Qwen/Qwen2.5-7B-Instruct,0.5
q5,0,0.0,0.0,1.0,0.0,C,C,C,Qwen/Qwen2.5-7B-Instruct,0.5
q5,1,0.0,1.0,0.0,0.0,B,B,C,Qwen/Qwen2.5-7B-Instruct,0.5
q5,2,1.0,0.0,0.0,0.0,A,A,C,Qwen/Qwen2.5-7B-Instruct,0.5
q5,3,0.0,0.0,0.0,1.0,D,D,C,Qwen/Qwen2.5-7B-Instruct,0.5
q6,0,0.0,0.0,0.0,1.0,D,C,C,Qwen/Qwen2.5-7B-Instruct,0.5
q6,1,1.0,0.0,0.0,0.0,A,B,C,Qwen/Qwen2.5-7B-Instruct,0.5
q6,2,1.0,0.0,0.0,0.0,A,A,C,Qwen/Qwen2.5-7B-Instruct,0.5
q6,3,0.0,0.0,1.0,0.0,C,D,C,Qwen/Qwen2.5-7B-Instruct,0.5
q7,0,0.0,0.0,0.0,1.0,D,C,C,Qwen/Qwen2.5-7B-Instruct,0.5
q7,1,0.0,1.0,0.0,0.0,B,B,C,Qwen/Qwen2.5-7B-Instruct,0.5
q7,2,1.0,0.0,0.0,0.0,A,A,C,Qwen/Qwen2.5-7B-Instruct,0.5
q7,3,0.0,0.0,0.0,1.0,D,D,C,Qwen/Qwen2.5-7B-Instruct,0.5
q8,0,0.0,0.0,0.0,1.0,D,B,B,Qwen/Qwen2.5-7B-Instruct,0.5
q8,1,0.0,0.0,1.0,0.0,C,A,B,Qwen/Qwen2.5-7B-Instruct,0.5
q8,2,0.0,1.0,0.0,0.0,B,D,B,Qwen/Qwen2.5-7B-Instruct,0.5
q8,3,1.0,0.0,0.0,0.0,A,C,B,Qwen/Qwen2.5-7B-Instruct,0.5
q9,0,0.0,0.0,1.0,0.0,C,C,C,Qwen/Qwen2.5-7B-Instruct,0.5
q9,1,1.0,0.0,0.0,0.0,A,B,C,Qwen/Qwen2.5-7B-Instruct,0.5
q9,2,0.0,0.0,1.0,0.0,C,A,C,Qwen/Qwen2.5-7B-Instruct,0.5
q9,3,0.0,1.0,0.0,0.0,B,D,C,Qwen/Qwen2.5-7B-Instruct,0.5
q10,0,0.0,0.0,1.0,0.0,C,C,C,Qwen/Qwen2.5-7B-Instruct,0.5
q10,1,0.0,1.0,0.0,0.0,B,B,C,Qwen/Qwen2.5-7B-Instruct,0.5
q10,2,1.0,0.0,0.0,0.0,A,A,C,Qwen/Qwen2.5-7B-Instruct,0.5
q10,3,0.0,0.0,0.0,1.0,D,D,C,Qwen/Qwen2.5-7B-Instruct,0.5
q11,0,0.0,0.0,0.0,1.0,D,D,D,Qwen/Qwen2.5-7B-Instruct,0.5
q11,1,1.0,0.0,0.0,0.0,A,C,D,Qwen/Qwen2.5-7B-Instruct,0.5
q11,2,0.0,0.0,0.0,1.0,D,B,D,Qwen/Qwen2.5-7B-Instruct,0.5
q11,3,0.0,0.0,1.0,0.0,C,A,D,Qwen/Qwen2.5-7B-Instruct,0.5
q12,0,1.0,0.0,0.0,0.0,A,A,A,Qwen/Qwen2.5-7B-Instruct,0.5
q12,1,0.0,0.0,0.0,1.0,D,D,A,Qwen/Qwen2.5-7B-Instruct,0.5
q12,2,0.0,0.0,0.0,1.0,D,C,A,Qwen/Qwen2.5-7B-Instruct,0.5
q12,3,0.0,1.0,0.0,0.0,B,B,A,Qwen/Qwen2.5-7B-Instruct,0.5
q13,0,1.0,0.0,0.0,0.0,A,A,A,Qwen/Qwen2.5-7B-Instruct,0.5
q13,1,1.0,0.0,0.0,0.0,A,D,A,Qwen/Qwen2.5-7B-Instruct,0.5
q13,2,1.0,0.0,0.0,0.0,A,C,A,Qwen/Qwen2.5-7B-Instruct,0.5
q13,3,0.0,1.0,0.0,0.0,B,B,A,Qwen/Qwen2.5-7B-Instruct,0.5
q14,0,0.0,0.0,1.0,0.0,C,C,C,Qwen/Qwen2.5-7B-Instruct,0.5
q14,1,0.0,1.0,0.0,0.0,B,B,C,Qwen/Qwen2.5-7B-Instruct,0.5
q14,2,1.0,0.0,0.0,0.0,A,A,C,Qwen/Qwen2.5-7B-Instruct,0.5
q14,3,0.0,0.0,0.0,1.0,D,D,C,Qwen/Qwen2.5-7B-Instruct,0.5
q15,0,0.0,0.0,0.0,1.0,D,A,A,Qwen/Qwen2.5-7B-Instruct,0.5
q15,1,1.0,0.0,0.0,0.0,A,D,A,Qwen/Qwen2.5-7B-Instruct,0.5
q15,2,0.0,1.0,0.0,0.0,B,C,A,Qwen/Qwen2.5-7B-Instruct,0.5
q15,3,0.0,1.0,0.0,0.0,B,B,A,Qwen/Qwen2.5-7B-Instruct,0.5
q16,0,0.0,0.0,0.0,1.0,D,D,D,Qwen/Qwen2.5-7B-Instruct,0.5
q16,1,0.0,0.0,1.0,0.0,C,C,D,Qwen/Qwen2.5-7B-Instruct,0.5
q16,2,0.0,1.0,0.0,0.0,B,B,D,Qwen/Qwen2.5-7B-Instruct,0.5
q16,3,0.0,0.0,0.0,1.0,D,A,D,Qwen/Qwen2.5-7B-Instruct,0.5
q17,0,0.0,0.0,0.0,1.0,D,D,D,Qwen/Qwen2.5-7B-Instruct,0.5
q17,1,0.0,0.0,1.0,0.0,C,C,D,Qwen/Qwen2.5-7B-Instruct,0.5
q17,2,0.0,0.0,0.0,1.0,D,B,D,Qwen/Qwen2.5-7B-Instruct,0.5
q17,3,0.0,0.0,1.0,0.0,C,A,D,Qwen/Qwen2.5-7B-Instruct,0.5
q18,0,0.0,0.0,0.0,1.0,D,B,B,Qwen/Qwen2.5-7B-Instruct,0.5
q18,1,1.0,0.0,0.0,0.0,A,A,B,Qwen/Qwen2.5-7B-Instruct,0.5
q18,2,0.0,1.0,0.0,0.0,B,D,B,Qwen/Qwen2.5-7B-Instruct,0.5
q18,3,1.0,0.0,0.0,0.0,A,C,B,Qwen/Qwen2.5-7B-Instruct,0.5
q19,0,1.0,0.0,0.0,0.0,A,A,A,Qwen/Qwen2.5-7B-Instruct,0.5
q19,1,0.0,0.0,0.0,1.0,D,D,A,Qwen/Qwen2.5-7B-Instruct,0.5
q19,2,0.0,0.0,1.0,0.0,C,C,A,Qwen/Qwen2.5-7B-Instruct,0.5
q19,3,0.0,1.0,0.0,0.0,B,B,A,Qwen/Qwen2.5-7B-Instruct,0.5
q20,0,0.0,1.0,0.0,0.0,B,D,D,Qwen/Qwen2.5-7B-Instruct,0.5
q20,1,1.0,0.0,0.0,0.0,A,C,D,Qwen/Qwen2.5-7B-Instruct,0.5
q20,2,0.0,0.0,0.0,1.0,D,B,D,Qwen/Qwen2.5-7B-Instruct,0.5
q20,3,0.0,0.0,1.0,0.0,C,A,D,Qwen/Qwen2.5-7B-Instruct,0.5
q21,0,0.0,0.0,0.0,1.0,D,D,D,Qwen/Qwen2.5-7B-Instruct,0.5
q21,1,0.0,0.0,1.0,0.0,C,C,D,Qwen/Qwen2.5-7B-Instruct,0.5
q21,2,0.0,1.0,0.0,0.0,B,B,D,Qwen/Qwen2.5-7B-Instruct,0.5
q21,3,1.0,0.0,0.0,0.0,A,A,D,Qwen/Qwen2.5-7B-Instruct,0.5
q22,0,0.0,1.0,0.0,0.0,B,B,B,Qwen/Qwen2.5-7B-Instruct,0.5
q22,1,1.0,0.0,0.0,0.0,A,A,B,Qwen/Qwen2.5-7B-Instruct,0.5
q22,2,0.0,0.0,0.0,1.0,D,D,B,Qwen/Qwen2.5-7B-Instruct,0.5
q22,3,0.0,0.0,1.0,0.0,C,C,B,Qwen/Qwen2.5-7B-Instruct,0.5
q23,0,1.0,0.0,0.0,0.0,A,A,A,Qwen/Qwen2.5-7B-Instruct,0.5
q23,1,0.0,0.0,0.0,1.0,D,D,A,Qwen/Qwen2.5-7B-Instruct,0.5
q23,2,1.0,0.0,0.0,0.0,A,C,A,Qwen/Qwen2.5-7B-Instruct,0.5
q23,3,0.0,1.0,0.0,0.0,B,B,A,Qwen/Qwen2.5-7B-Instruct,0.5
q24,0,0.0,1.0,0.0,0.0,B,A,A,Qwen/Qwen2.5-7B-Instruct,0.5
q24,1,1.0,0.0,0.0,0.0,A,D,A,Qwen/Qwen2.5-7B-Instruct,0.5
q24,2,0.0,0.0,0.0,1.0,D,C,A,Qwen/Qwen2.5-7B-Instruct,0.5
q24,3,0.0,0.0,1.0,0.0,C,B,A,Qwen/Qwen2.5-7B-Instruct,0.5
q25,0,0.0,0.0,0.0,1.0,D,A,A,Qwen/Qwen2.5-7B-Instruct,0.5
q25,1,0.0,0.0,1.0,0.0,C,D,A,Qwen/Qwen2.5-7B-Instruct,0.5
q25,2,1.0,0.0,0.0,0.0,A,C,A,Qwen/Qwen2.5-7B-Instruct,0.5
q25,3,1.0,0.0,0.0,0.0,A,B,A,Qwen/Qwen2.5-7B-Instruct,0.5
q26,0,0.0,0.0,0.0,1.0,D,D,D,Qwen/Qwen2.5-7B-Instruct,0.5
q26,1,0.0,0.0,1.0,0.0,C,C,D,Qwen/Qwen2.5-7B-Instruct,0.5
q26,2,0.0,0.0,0.0,1.0,D,B,D,Qwen/Qwen2.5-7B-Instruct,0.5
q26,3,1.0,0.0,0.0,0.0,A,A,D,Qwen/Qwen2.5-7B-Instruct,0.5
q27,0,0.0,0.0,1.0,0.0,C,C,C,Qwen/Qwen2.5-7B-Instruct,0.5
q27,1,0.0,1.0,0.0,0.0,B,B,C,Qwen/Qwen2.5-7B-Instruct,0.5
q27,2,1.0,0.0,0.0,0.0,A,A,C,Qwen/Qwen2.5-7B-Instruct,0.5
q27,3,0.0,0.0,0.0,1.0,D,D,C,Qwen/Qwen2.5-7B-Instruct,0.5
q28,0,0.0,0.0,0.0,1.0,D,D,D,Qwen/Qwen2.5-7B-Instruct,0.5
q28,1,0.0,0.0,1.0,0.0,C,C,D,Qwen/Qwen2.5-7B-Instruct,0.5
q28,2,0.0,1.0,0.0,0.0,B,B,D,Qwen/Qwen2.5-7B-Instruct,0.5
q28,3,1.0,0.0,0.0,0.0,A,A,D,Qwen/Qwen2.5-7B-Instruct,0.5
q29,0,0.0,0.0,0.0,1.0,D,D,D,Qwen/Qwen2.5-7B-Instruct,0.5
q29,1,0.0,0.0,1.0,0.0,C,C,D,Qwen/Qwen2.5-7B-Instruct,0.5
q29,2,0.0,1.0,0.0,0.0,B,B,D,Qwen/Qwen2.5-7B-Instruct,0.5
q29,3,1.0,0.0,0.0,0.0,A,A,D,Qwen/Qwen2.5-7B-Instruct,0.5
q30,0,0.0,0.0,1.0,0.0,C,C,C,Qwen/Qwen2.5-7B-Instruct,0.5
q30,1,0.0,1.0,0.0,0.0,B,B,C,Qwen/Qwen2.5-7B-Instruct,0.5
q30,2,0.0,0.0,0.0,1.0,D,A,C,Qwen/Qwen2.5-7B-Instruct,0.5
q30,3,0.0,0.0,0.0,1.0,D,D,C,Qwen/Qwen2.5-7B-Instruct,0.5
q31,0,0.0,0.0,1.0,0.0,C,C,C,Qwen/Qwen2.5-7B-Instruct,0.5
q31,1,0.0,1.0,0.0,0.0,B,B,C,Qwen/Qwen2.5-7B-Instruct,0.5
q31,2,1.0,0.0,0.0,0.0,A,A,C,Qwen/Qwen2.5-7B-Instruct,0.5
q31,3,0.0,0.0,0.0,1.0,D,D,C,Qwen/Qwen2.5-7B-Instruct,0.5
q32,0,0.0,0.0,0.0,1.0,D,D,D,Qwen/Qwen2.5-7B-Instruct,0.5
q32,1,0.0,0.0,1.0,0.0,C,C,D,Qwen/Qwen2.5-7B-Instruct,0.5
q32,2,0.0,1.0,0.0,0.0,B,B,D,Qwen/Qwen2.5-7B-Instruct,0.5
q32,3,1.0,0.0,0.0,0.0,A,A,D,Qwen/Qwen2.5-7B-Instruct,0.5
q33,0,0.0,0.0,0.0,1.0,D,D,D,Qwen/Qwen2.5-7B-Instruct,0.5
q33,1,0.0,0.0,1.0,0.0,C,C,D,Qwen/Qwen2.5-7B-Instruct,0.5
q33,2,0.0,1.0,0.0,0.0,B,B,D,Qwen/Qwen2.5-7B-Instruct,0.5
q33,3,1.0,0.0,0.0,0.0,A,A,D,Qwen/Qwen2.5-7B-Instruct,0.5
q34,0,1.0,0.0,0.0,0.0,A,A,A,Qwen/Qwen2.5-7B-Instruct,0.5
q34,1,0.0,0.0,0.0,1.0,D,D,A,Qwen/Qwen2.5-7B-Instruct,0.5
q34,2,0.0,0.0,1.0,0.0,C,C,A,Qwen/Qwen2.5-7B-Instruct,0.5
q34,3,0.0,1.0,0.0,0.0,B,B,A,Qwen/Qwen2.5-7B-Instruct,0.5
q35,0,0.0,1.0,0.0,0.0,B,B,B,Qwen/Qwen2.5-7B-Instruct,0.5
q35,1,1.0,0.0,0.0,0.0,A,A,B,Qwen/Qwen2.5-7B-Instruct,0.5
q35,2,0.0,0.0,0.0,1.0,D,D,B,Qwen/Qwen2.5-7B-Instruct,0.5
q35,3,0.0,0.0,1.0,0.0,C,C,B,Qwen/Qwen2.5-7B-Instruct,0.5
q36,0,1.0,0.0,0.0,0.0,A,C,C,Qwen/Qwen2.5-7B-Instruct,0.5
q36,1,0.0,0.0,0.0,1.0,D,B,C,Qwen/Qwen2.5-7B-Instruct,0.5
q36,2,1.0,0.0,0.0,0.0,A,A,C,Qwen/Qwen2.5-7B-Instruct,0.5
q36,3,0.0,1.0,0.0,0.0,B,D,C,Qwen/Qwen2.5-7B-Instruct,0.5
q37,0,0.0,0.0,1.0,0.0,C,C,C,Qwen/Qwen2.5-7B-Instruct,0.5
q37,1,0.0,1.0,0.0,0.0,B,B,C,Qwen/Qwen2.5-7B-Instruct,0.5
q37,2,1.0,0.0,0.0,0.0,A,A,C,Qwen/Qwen2.5-7B-Instruct,0.5
q37,3,0.0,0.0,0.0,1.0,D,D,C,Qwen/Qwen2.5-7B-Instruct,0.5
q38,0,0.0,1.0,0.0,0.0,B,D,D,Qwen/Qwen2.5-7B-Instruct,0.5
q38,1,0.0,1.0,0.0,0.0,B,C,D,Qwen/Qwen2.5-7B-Instruct,0.5
q38,2,1.0,0.0,0.0,0.0,A,B,D,Qwen/Qwen2.5-7B-Instruct,0.5
q38,3,0.0,0.0,0.0,1.0,D,A,D,Qwen/Qwen2.5-7B-Instruct,0.5
q39,0,1.0,0.0,0.0,0.0,A,D,D,Qwen/Qwen2.5-7B-Instruct,0.5
q39,1,1.0,0.0,0.0,0.0,A,C,D,Qwen/Qwen2.5-7B-Instruct,0.5
q39,2,1.0,0.0,0.0,0.0,A,B,D,Qwen/Qwen2.5-7B-Instruct,0.5
q39,3,0.0,0.0,0.0,1.0,D,A,D,Qwen/Qwen2.5-7B-Instruct,0.5
q40,0,0.0,1.0,0.0,0.0,B,B,B,Qwen/Qwen2.5-7B-Instruct,0.5
q40,1,1.0,0.0,0.0,0.0,A,A,B,Qwen/Qwen2.5-7B-Instruct,0.5
q40,2,0.0,0.0,0.0,1.0,D,D,B,Qwen/Qwen2.5-7B-Instruct,0.5
q40,3,0.0,0.0,1.0,0.0,C,C,B,Qwen/Qwen2.5-7B-Instruct,0.5
q41,0,1.0,0.0,0.0,0.0,A,A,A,Qwen/Qwen2.5-7B-Instruct,0.5
q41,1,0.0,0.0,0.0,1.0,D,D,A,Qwen/Qwen2.5-7B-Instruct,0.5
q41,2,0.0,0.0,1.0,0.0,C,C,A,Qwen/Qwen2.5-7B-Instruct,0.5
q41,3,0.0,1.0,0.0,0.0,B,B,A,Qwen/Qwen2.5-7B-Instruct,0.5
q42,0,0.0,0.0,0.0,1.0,D,D,D,Qwen/Qwen2.5-7B-Instruct,0.5
q42,1,0.0,0.0,1.0,0.0,C,C,D,Qwen/Qwen2.5-7B-Instruct,0.5
q42,2,0.0,1.0,0.0,0.0,B,B,D,Qwen/Qwen2.5-7B-Instruct,0.5
q42,3,1.0,0.0,0.0,0.0,A,A,D,Qwen/Qwen2.5-7B-Instruct,0.5
q43,0,0.0,0.0,0.0,1.0,D,A,A,Qwen/Qwen2.5-7B-Instruct,0.5
q43,1,1.0,0.0,0.0,0.0,A,D,A,Qwen/Qwen2.5-7B-Instruct,0.5
q43,2,0.0,0.0,0.0,1.0,D,C,A,Qwen/Qwen2.5-7B-Instruct,0.5
q43,3,0.0,0.0,0.0,1.0,D,B,A,Qwen/Qwen2.5-7B-Instruct,0.5
q44,0,0.0,1.0,0.0,0.0,B,D,D,Qwen/Qwen2.5-7B-Instruct,0.5
q44,1,1.0,0.0,0.0,0.0,A,C,D,Qwen/Qwen2.5-7B-Instruct,0.5
q44,2,0.0,0.0,0.0,1.0,D,B,D,Qwen/Qwen2.5-7B-Instruct,0.5
q44,3,0.0,0.0,1.0,0.0,C,A,D,Qwen/Qwen2.5-7B-Instruct,0.5
q45,0,0.0,0.0,0.0,1.0,D,D,D,Qwen/Qwen2.5-7B-Instruct,0.5
q45,1,0.0,0.0,1.0,0.0,C,C,D,Qwen/Qwen2.5-7B-Instruct,0.5
q45,2,0.0,0.0,0.0,1.0,D,B,D,Qwen/Qwen2.5-7B-Instruct,0.5
q45,3,1.0,0.0,0.0,0.0,A,A,D,Qwen/Qwen2.5-7B-Instruct,0.5
q46,0,0.0,0.0,1.0,0.0,C,C,C,Qwen/Qwen2.5-7B-Instruct,0.5
q46,1,0.0,1.0,0.0,0.0,B,B,C,Qwen/Qwen2.5-7B-Instruct,0.5
q46,2,1.0,0.0,0.0,0.0,A,A,C,Qwen/Qwen2.5-7B-Instruct,0.5
q46,3,0.0,0.0,0.0,1.0,D,D,C,Qwen/Qwen2.5-7B-Instruct,0.5
q47,0,0.0,0.0,0.0,1.0,D,D,D,Qwen/Qwen2.5-7B-Instruct,0.5
q47,1,0.0,0.0,1.0,0.0,C,C,D,Qwen/Qwen2.5-7B-Instruct,0.5
q47,2,0.0,1.0,0.0,0.0,B,B,D,Qwen/Qwen2.5-7B-Instruct,0.5
q47,3,1.0,0.0,0.0,0.0,A,A,D,Qwen/Qwen2.5-7B-Instruct,0.5
q48,0,1.0,0.0,0.0,0.0,A,A,A,Qwen/Qwen2.5-7B-Instruct,0.5
q48,1,0.0,0.0,0.0,1.0,D,D,A,Qwen/Qwen2.5-7B-Instruct,0.5
q48,2,0.0,0.0,1.0,0.0,C,C,A,Qwen/Qwen2.5-7B-Instruct,0.5
q48,3,0.0,1.0,0.0,0.0,B,B,A,Qwen/Qwen2.5-7B-Instruct,0.5
q49,0,1.0,0.0,0.0,0.0,A,A,A,Qwen/Qwen2.5-7B-Instruct,0.5
q49,1,0.0,1.0,0.0,0.0,B,D,A,Qwen/Qwen2.5-7B-Instruct,0.5
q49,2,0.0,1.0,0.0,0.0,B,C,A,Qwen/Qwen2.5-7B-Instruct,0.5
q49,3,0.0,1.0,0.0,0.0,B,B,A,Qwen/Qwen2.5-7B-Instruct,0.5
q50,0,0.0,1.0,0.0,0.0,B,D,D,Qwen/Qwen2.5-7B-Instruct,0.5
q50,1,1.0,0.0,0.0,0.0,A,C,D,Qwen/Qwen2.5-7B-Instruct,0.5
q50,2,0.0,0.0,0.0,1.0,D,B,D,Qwen/Qwen2.5-7B-Instruct,0.5
q50,3,0.0,0.0,1.0,0.0,C,A,D,Qwen/Qwen2.5-7B-Instruct,0.5
q51,0,0.0,0.0,0.0,1.0,D,D,D,Qwen/Qwen2.5-7B-Instruct,0.5
q51,1,0.0,0.0,1.0,0.0,C,C,D,Qwen/Qwen2.5-7B-Instruct,0.5
q51,2,0.0,1.0,0.0,0.0,B,B,D,Qwen/Qwen2.5-7B-Instruct,0.5
q51,3,1.0,0.0,0.0,0.0,A,A,D,Qwen/Qwen2.5-7B-Instruct,0.5
q52,0,0.0,0.0,0.0,1.0,D,B,B,Qwen/Qwen2.5-7B-Instruct,0.5
q52,1,1.0,0.0,0.0,0.0,A,A,B,Qwen/Qwen2.5-7B-Instruct,0.5
q52,2,1.0,0.0,0.0,0.0,A,D,B,Qwen/Qwen2.5-7B-Instruct,0.5
q52,3,1.0,0.0,0.0,0.0,A,C,B,Qwen/Qwen2.5-7B-Instruct,0.5
q53,0,0.0,0.0,1.0,0.0,C,C,C,Qwen/Qwen2.5-7B-Instruct,0.5
q53,1,0.0,0.0,0.0,1.0,D,B,C,Qwen/Qwen2.5-7B-Instruct,0.5
q53,2,0.0,0.0,1.0,0.0,C,A,C,Qwen/Qwen2.5-7B-Instruct,0.5
q53,3,0.0,1.0,0.0,0.0,B,D,C,Qwen/Qwen2.5-7B-Instruct,0.5
q54,0,0.0,0.0,1.0,0.0,C,C,C,Qwen/Qwen2.5-7B-Instruct,0.5
q54,1,0.0,1.0,0.0,0.0,B,B,C,Qwen/Qwen2.5-7B-Instruct,0.5
q54,2,1.0,0.0,0.0,0.0,A,A,C,Qwen/Qwen2.5-7B-Instruct,0.5
q54,3,0.0,0.0,0.0,1.0,D,D,C,Qwen/Qwen2.5-7B-Instruct,0.5
q55,0,1.0,0.0,0.0,0.0,A,A,A,Qwen/Qwen2.5-7B-Instruct,0.5
q55,1,0.0,0.0,0.0,1.0,D,D,A,Qwen/Qwen2.5-7B-Instruct,0.5
q55,2,0.0,0.0,1.0,0.0,C,C,A,Qwen/Qwen2.5-7B-Instruct,0.5
q55,3,0.0,0.0,1.0,0.0,C,B,A,Qwen/Qwen2.5-7B-Instruct,0.5
q56,0,0.0,1.0,0.0,0.0,B,C,C,Qwen/Qwen2.5-7B-Instruct,0.5
q56,1,0.0,1.0,0.0,0.0,B,B,C,Qwen/Qwen2.5-7B-Instruct,0.5
q56,2,1.0,0.0,0.0,0.0,A,A,C,Qwen/Qwen2.5-7B-Instruct,0.5
q56,3,1.0,0.0,0.0,0.0,A,D,C,Qwen/Qwen2.5-7B-Instruct,0.5
q57,0,0.0,0.0,0.0,1.0,D,D,D,Qwen/Qwen2.5-7B-Instruct,0.5
q57,1,0.0,0.0,0.0,1.0,D,C,D,Qwen/Qwen2.5-7B-Instruct,0.5
q57,2,1.0,0.0,0.0,0.0,A,B,D,Qwen/Qwen2.5-7B-Instruct,0.5
q57,3,0.0,0.0,1.0,0.0,C,A,D,Qwen/Qwen2.5-7B-Instruct,0.5
q58,0,0.0,1.0,0.0,0.0,B,D,D,Qwen/Qwen2.5-7B-Instruct,0.5
q58,1,1.0,0.0,0.0,0.0,A,C,D,Qwen/Qwen2.5-7B-Instruct,0.5
q58,2,0.0,0.0,1.0,0.0,C,B,D,Qwen/Qwen2.5-7B-Instruct,0.5
q58,3,1.0,0.0,0.0,0.0,A,A,D,Qwen/Qwen2.5-7B-Instruct,0.5
q59,0,1.0,0.0,0.0,0.0,A,B,B,Qwen/Qwen2.5-7B-Instruct,0.5
q59,1,0.0,0.0,0.0,1.0,D,A,B,Qwen/Qwen2.5-7B-Instruct,0.5
q59,2,0.0,0.0,1.0,0.0,C,D,B,Qwen/Qwen2.5-7B-Instruct,0.5
q59,3,0.0,1.0,0.0,0.0,B,C,B,Qwen/Qwen2.5-7B-Instruct,0.5
q60,0,1.0,0.0,0.0,0.0,A,D,D,Qwen/Qwen2.5-7B-Instruct,0.5
q60,1,0.0,0.0,0.0,1.0,D,C,D,Qwen/Qwen2.5-7B-Instruct,0.5
q60,2,0.0,0.0,1.0,0.0,C,B,D,Qwen/Qwen2.5-7B-Instruct,0.5
q60,3,1.0,0.0,0.0,0.0,A,A,D,Qwen/Qwen2.5-7B-Instruct,0.5
q61,0,0.0,1.0,0.0,0.0,B,D,D,Qwen/Qwen2.5-7B-Instruct,0.5
q61,1,1.0,0.0,0.0,0.0,A,C,D,Qwen/Qwen2.5-7B-Instruct,0.5
q61,2,0.0,0.0,0.0,1.0,D,B,D,Qwen/Qwen2.5-7B-Instruct,0.5
q61,3,0.0,0.0,1.0,0.0,C,A,D,Qwen/Qwen2.5-7B-Instruct,0.5
q62,0,0.0,1.0,0.0,0.0,B,B,B,Qwen/Qwen2.5-7B-Instruct,0.5
q62,1,1.0,0.0,0.0,0.0,A,A,B,Qwen/Qwen2.5-7B-Instruct,0.5
q62,2,0.0,0.0,0.0,1.0,D,D,B,Qwen/Qwen2.5-7B-Instruct,0.5
q62,3,0.0,0.0,1.0,0.0,C,C,B,Qwen/Qwen2.5-7B-Instruct,0.5
q63,0,0.0,0.0,0.0,1.0,D,D,D,Qwen/Qwen2.5-7B-Instruct,0.5
q63,1,0.0,0.0,1.0,0.0,C,C,D,Qwen/Qwen2.5-7B-Instruct,0.5
q63,2,0.0,1.0,0.0,0.0,B,B,D,Qwen/Qwen2.5-7B-Instruct,0.5
q63,3,1.0,0.0,0.0,0.0,A,A,D,Qwen/Qwen2.5-7B-Instruct,0.5
q64,0,1.0,0.0,0.0,0.0,A,A,A,Qwen/Qwen2.5-7B-Instruct,0.5
q64,1,0.0,0.0,0.0,1.0,D,D,A,Qwen/Qwen2.5-7B-Instruct,0.5
q64,2,0.0,0.0,1.0,0.0,C,C,A,Qwen/Qwen2.5-7B-Instruct,0.5
q64,3,0.0,1.0,0.0,0.0,B,B,A,Qwen/Qwen2.5-7B-Instruct,0.5
q65,0,0.0,1.0,0.0,0.0,B,A,A,Qwen/Qwen2.5-7B-Instruct,0.5
q65,1,0.0,0.0,1.0,0.0,C,D,A,Qwen/Qwen2.5-7B-Instruct,0.5
q65,2,0.0,0.0,1.0,0.0,C,C,A,Qwen/Qwen2.5-7B-Instruct,0.5
q65,3,0.0,0.0,1.0,0.0,C,B,A,Qwen/Qwen2.5-7B-Instruct,0.5
q66,0,0.0,0.0,1.0,0.0,C,C,C,Qwen/Qwen2.5-7B-Instruct,0.5
q66,1,0.0,1.0,0.0,0.0,B,B,C,Qwen/Qwen2.5-7B-Instruct,0.5
q66,2,1.0,0.0,0.0,0.0,A,A,C,Qwen/Qwen2.5-7B-Instruct,0.5
q66,3,0.0,0.0,0.0,1.0,D,D,C,Qwen/Qwen2.5-7B-Instruct,0.5
q67,0,1.0,0.0,0.0,0.0,A,A,A,Qwen/Qwen2.5-7B-Instruct,0.5
q67,1,1.0,0.0,0.0,0.0,A,D,A,Qwen/Qwen2.5-7B-Instruct,0.5
q67,2,0.0,0.0,0.0,1.0,D,C,A,Qwen/Qwen2.5-7B-Instruct,0.5
q67,3,0.0,0.0,1.0,0.0,C,B,A,Qwen/Qwen2.5-7B-Instruct,0.5
q68,0,0.0,1.0,0.0,0.0,B,B,B,Qwen/Qwen2.5-7B-Instruct,0.5
q68,1,1.0,0.0,0.0,0.0,A,A,B,Qwen/Qwen2.5-7B-Instruct,0.5
q68,2,0.0,0.0,0.0,1.0,D,D,B,Qwen/Qwen2.5-7B-Instruct,0.5
q68,3,0.0,0.0,1.0,0.0,C,C,B,Qwen/Qwen2.5-7B-Instruct,0.5
q69,0,0.0,1.0,0.0,0.0,B,B,B,Qwen/Qwen2.5-7B-Instruct,0.5
q69,1,0.0,1.0,0.0,0.0,B,A,B,Qwen/Qwen2.5-7B-Instruct,0.5
q69,2,0.0,0.0,0.0,1.0,D,D,B,Qwen/Qwen2.5-7B-Instruct,0.5
q69,3,0.0,0.0,0.0,1.0,D,C,B,Qwen/Qwen2.5-7B-Instruct,0.5
q70,0,1.0,0.0,0.0,0.0,A,A,A,Qwen/Qwen2.5-7B-Instruct,0.5
q70,1,0.0,0.0,0.0,1.0,D,D,A,Qwen/Qwen2.5-7B-Instruct,0.5
q70,2,0.0,0.0,1.0,0.0,C,C,A,Qwen/Qwen2.5-7B-Instruct,0.5
q70,3,0.0,1.0,0.0,0.0,B,B,A,Qwen/Qwen2.5-7B-Instruct,0.5
q71,0,0.0,0.0,0.0,1.0,D,D,D,Qwen/Qwen2.5-7B-Instruct,0.5
q71,1,0.0,0.0,1.0,0.0,C,C,D,Qwen/Qwen2.5-7B-Instruct,0.5
q71,2,0.0,1.0,0.0,0.0,B,B,D,Qwen/Qwen2.5-7B-Instruct,0.5
q71,3,1.0,0.0,0.0,0.0,A,A,D,Qwen/Qwen2.5-7B-Instruct,0.5
q72,0,1.0,0.0,0.0,0.0,A,A,A,Qwen/Qwen2.5-7B-Instruct,0.5
q72,1,1.0,0.0,0.0,0.0,A,D,A,Qwen/Qwen2.5-7B-Instruct,0.5
q72,2,0.0,0.0,0.0,1.0,D,C,A,Qwen/Qwen2.5-7B-Instruct,0.5
q72,3,0.0,0.0,1.0,0.0,C,B,A,Qwen/Qwen2.5-7B-Instruct,0.5
q73,0,1.0,0.0,0.0,0.0,A,D,D,Qwen/Qwen2.5-7B-Instruct,0.5
q73,1,1.0,0.0,0.0,0.0,A,C,D,Qwen/Qwen2.5-7B-Instruct,0.5
q73,2,1.0,0.0,0.0,0.0,A,B,D,Qwen/Qwen2.5-7B-Instruct,0.5
q73,3,0.0,1.0,0.0,0.0,B,A,D,Qwen/Qwen2.5-7B-Instruct,0.5
q74,0,0.0,1.0,0.0,0.0,B,C,C,Qwen/Qwen2.5-7B-Instruct,0.5
q74,1,1.0,0.0,0.0,0.0,A,B,C,Qwen/Qwen2.5-7B-Instruct,0.5
q74,2,0.0,0.0,0.0,1.0,D,A,C,Qwen/Qwen2.5-7B-Instruct,0.5
q74,3,1.0,0.0,0.0,0.0,A,D,C,Qwen/Qwen2.5-7B-Instruct,0.5
q75,0,0.0,0.0,0.0,1.0,D,D,D,Qwen/Qwen2.5-7B-Instruct,0.5
q75,1,1.0,0.0,0.0,0.0,A,C,D,Qwen/Qwen2.5-7B-Instruct,0.5
q75,2,1.0,0.0,0.0,0.0,A,B,D,Qwen/Qwen2.5-7B-Instruct,0.5
q75,3,1.0,0.0,0.0,0.0,A,A,D,Qwen/Qwen2.5-7B-Instruct,0.5
q76,0,0.0,0.0,1.0,0.0,C,C,C,Qwen/Qwen2.5-7B-Instruct,0.5
q76,1,0.0,1.0,0.0,0.0,B,B,C,Qwen/Qwen2.5-7B-Instruct,0.5
q76,2,1.0,0.0,0.0,0.0,A,A,C,Qwen/Qwen2.5-7B-Instruct,0.5
q76,3,0.0,0.0,0.0,1.0,D,D,C,Qwen/Qwen2.5-7B-Instruct,0.5
q77,0,1.0,0.0,0.0,0.0,A,A,A,Qwen/Qwen2.5-7B-Instruct,0.5
q77,1,0.0,0.0,0.0,1.0,D,D,A,Qwen/Qwen2.5-7B-Instruct,0.5
q77,2,0.0,0.0,1.0,0.0,C,C,A,Qwen/Qwen2.5-7B-Instruct,0.5
q77,3,0.0,1.0,0.0,0.0,B,B,A,Qwen/Qwen2.5-7B-Instruct,0.5
q78,0,0.0,0.0,0.0,1.0,D,B,B,Qwen/Qwen2.5-7B-Instruct,0.5
q78,1,1.0,0.0,0.0,0.0,A,A,B,Qwen/Qwen2.5-7B-Instruct,0.5
q78,2,1.0,0.0,0.0,0.0,A,D,B,Qwen/Qwen2.5-7B-Instruct,0.5
q78,3,1.0,0.0,0.0,0.0,A,C,B,Qwen/Qwen2.5-7B-Instruct,0.5
q79,0,1.0,0.0,0.0,0.0,A,C,C,Qwen/Qwen2.5-7B-Instruct,0.5
q79,1,0.0,0.0,0.0,1.0,D,B,C,Qwen/Qwen2.5-7B-Instruct,0.5
q79,2,1.0,0.0,0.0,0.0,A,A,C,Qwen/Qwen2.5-7B-Instruct,0.5
q79,3,1.0,0.0,0.0,0.0,A,D,C,Qwen/Qwen2.5-7B-Instruct,0.5
q80,0,0.0,0.0,0.0,1.0,D,D,D,Qwen/Qwen2.5-7B-Instruct,0.5
q80,1,0.0,1.0,0.0,0.0,B,C,D,Qwen/Qwen2.5-7B-Instruct,0.5
q80,2,0.0,1.0,0.0,0.0,B,B,D,Qwen/Qwen2.5-7B-Instruct,0.5
q80,3,0.0,0.0,0.0,1.0,D,A,D,Qwen/Qwen2.5-7B-Instruct,0.5
q81,0,0.0,0.0,0.0,1.0,D,B,B,Qwen/Qwen2.5-7B-Instruct,0.5
q81,1,0.0,0.0,0.0,1.0,D,A,B,Qwen/Qwen2.5-7B-Instruct,0.5
q81,2,0.0,0.0,1.0,0.0,C,D,B,Qwen/Qwen2.5-7B-Instruct,0.5
q81,3,0.0,0.0,1.0,0.0,C,C,B,Qwen/Qwen2.5-7B-Instruct,0.5
q82,0,0.0,0.0,1.0,0.0,C,C,C,Qwen/Qwen2.5-7B-Instruct,0.5
q82,1,0.0,1.0,0.0,0.0,B,B,C,Qwen/Qwen2.5-7B-Instruct,0.5
q82,2,1.0,0.0,0.0,0.0,A,A,C,Qwen/Qwen2.5-7B-Instruct,0.5
q82,3,0.0,0.0,0.0,1.0,D,D,C,Qwen/Qwen2.5-7B-Instruct,0.5
q83,0,0.0,0.0,0.0,1.0,D,D,D,Qwen/Qwen2.5-7B-Instruct,0.5
q83,1,0.0,0.0,1.0,0.0,C,C,D,Qwen/Qwen2.5-7B-Instruct,0.5
q83,2,0.0,1.0,0.0,0.0,B,B,D,Qwen/Qwen2.5-7B-Instruct,0.5
q83,3,1.0,0.0,0.0,0.0,A,A,D,Qwen/Qwen2.5-7B-Instruct,0.5
q84,0,1.0,0.0,0.0,0.0,A,A,A,Qwen/Qwen2.5-7B-Instruct,0.5
q84,1,0.0,0.0,0.0,1.0,D,D,A,Qwen/Qwen2.5-7B-Instruct,0.5
q84,2,0.0,0.0,1.0,0.0,C,C,A,Qwen/Qwen2.5-7B-Instruct,0.5
q84,3,0.0,1.0,0.0,0.0,B,B,A,Qwen/Qwen2.5-7B-Instruct,0.5
q85,0,1.0,0.0,0.0,0.0,A,D,D,Qwen/Qwen2.5-7B-Instruct,0.5
q85,1,1.0,0.0,0.0,0.0,A,C,D,Qwen/Qwen2.5-7B-Instruct,0.5
q85,2,0.0,1.0,0.0,0.0,B,B,D,Qwen/Qwen2.5-7B-Instruct,0.5
q85,3,1.0,0.0,0.0,0.0,A,A,D,Qwen/Qwen2.5-7B-Instruct,0.5
q86,0,0.0,0.0,0.0,1.0,D,D,D,Qwen/Qwen2.5-7B-Instruct,0.5
q86,1,0.0,0.0,1.0,0.0,C,C,D,Qwen/Qwen2.5-7B-Instruct,0.5
q86,2,0.0,1.0,0.0,0.0,B,B,D,Qwen/Qwen2.5-7B-Instruct,0.5
q86,3,1.0,0.0,0.0,0.0,A,A,D,Qwen/Qwen2.5-7B-Instruct,0.5
q87,0,1.0,0.0,0.0,0.0,A,A,A,Qwen/Qwen2.5-7B-Instruct,0.5
q87,1,0.0,0.0,0.0,1.0,D,D,A,Qwen/Qwen2.5-7B-Instruct,0.5
q87,2,0.0,0.0,1.0,0.0,C,C,A,Qwen/Qwen2.5-7B-Instruct,0.5
q87,3,0.0,1.0,0.0,0.0,B,B,A,Qwen/Qwen2.5-7B-Instruct,0.5
q88,0,0.0,0.0,1.0,0.0,C,B,B,Qwen/Qwen2.5-7B-Instruct,0.5
q88,1,0.0,1.0,0.0,0.0,B,A,B,Qwen/Qwen2.5-7B-Instruct,0.5
q88,2,1.0,0.0,0.0,0.0,A,D,B,Qwen/Qwen2.5-7B-Instruct,0.5
q88,3,0.0,0.0,0.0,1.0,D,C,B,Qwen/Qwen2.5-7B-Instruct,0.5
q89,0,0.0,1.0,0.0,0.0,B,C,C,Qwen/Qwen2.5-7B-Instruct,0.5
q89,1,0.0,1.0,0.0,0.0,B,B,C,Qwen/Qwen2.5-7B-Instruct,0.5
q89,2,0.0,1.0,0.0,0.0,B,A,C,Qwen/Qwen2.5-7B-Instruct,0.5
q89,3,1.0,0.0,0.0,0.0,A,D,C,Qwen/Qwen2.5-7B-Instruct,0.5
q90,0,1.0,0.0,0.0,0.0,A,A,A,Qwen/Qwen2.5-7B-Instruct,0.5
q90,1,0.0,0.0,0.0,1.0,D,D,A,Qwen/Qwen2.5-7B-Instruct,0.5
q90,2,0.0,0.0,1.0,0.0,C,C,A,Qwen/Qwen2.5-7B-Instruct,0.5
q90,3,0.0,1.0,0.0,0.0,B,B,A,Qwen/Qwen2.5-7B-Instruct,0.5
q91,0,0.0,0.0,1.0,0.0,C,C,C,Qwen/Qwen2.5-7B-Instruct,0.5
q91,1,0.0,1.0,0.0,0.0,B,B,C,Qwen/Qwen2.5-7B-Instruct,0.5
q91,2,0.0,1.0,0.0,0.0,B,A,C,Qwen/Qwen2.5-7B-Instruct,0.5
q91,3,0.0,0.0,0.0,1.0,D,D,C,Qwen/Qwen2.5-7B-Instruct,0.5
q92,0,0.0,1.0,0.0,0.0,B,C,C,Qwen/Qwen2.5-7B-Instruct,0.5
q92,1,1.0,0.0,0.0,0.0,A,B,C,Qwen/Qwen2.5-7B-Instruct,0.5
q92,2,1.0,0.0,0.0,0.0,A,A,C,Qwen/Qwen2.5-7B-Instruct,0.5
q92,3,0.0,0.0,0.0,1.0,D,D,C,Qwen/Qwen2.5-7B-Instruct,0.5
q93,0,0.0,1.0,0.0,0.0,B,B,B,Qwen/Qwen2.5-7B-Instruct,0.5
q93,1,1.0,0.0,0.0,0.0,A,A,B,Qwen/Qwen2.5-7B-Instruct,0.5
q93,2,0.0,0.0,0.0,1.0,D,D,B,Qwen/Qwen2.5-7B-Instruct,0.5
q93,3,0.0,0.0,1.0,0.0,C,C,B,Qwen/Qwen2.5-7B-Instruct,0.5
q94,0,0.0,0.0,1.0,0.0,C,C,C,Qwen/Qwen2.5-7B-Instruct,0.5
q94,1,0.0,1.0,0.0,0.0,B,B,C,Qwen/Qwen2.5-7B-Instruct,0.5
q94,2,1.0,0.0,0.0,0.0,A,A,C,Qwen/Qwen2.5-7B-Instruct,0.5
q94,3,0.0,0.0,0.0,1.0,D,D,C,Qwen/Qwen2.5-7B-Instruct,0.5
q95,0,1.0,0.0,0.0,0.0,A,D,D,Qwen/Qwen2.5-7B-Instruct,0.5
q95,1,1.0,0.0,0.0,0.0,A,C,D,Qwen/Qwen2.5-7B-Instruct,0.5
q95,2,0.0,0.0,0.0,1.0,D,B,D,Qwen/Qwen2.5-7B-Instruct,0.5
q95,3,0.0,0.0,1.0,0.0,C,A,D,Qwen/Qwen2.5-7B-Instruct,0.5
q96,0,1.0,0.0,0.0,0.0,A,A,A,Qwen/Qwen2.5-7B-Instruct,0.5
q96,1,0.0,0.0,0.0,1.0,D,D,A,Qwen/Qwen2.5-7B-Instruct,0.5
q96,2,0.0,0.0,1.0,0.0,C,C,A,Qwen/Qwen2.5-7B-Instruct,0.5
q96,3,0.0,1.0,0.0,0.0,B,B,A,Qwen/Qwen2.5-7B-Instruct,0.5
q97,0,1.0,0.0,0.0,0.0,A,A,A,Qwen/Qwen2.5-7B-Instruct,0.5
q97,1,0.0,0.0,0.0,1.0,D,D,A,Qwen/Qwen2.5-7B-Instruct,0.5
q97,2,0.0,0.0,0.0,1.0,D,C,A,Qwen/Qwen2.5-7B-Instruct,0.5
q97,3,0.0,1.0,0.0,0.0,B,B,A,Qwen/Qwen2.5-7B-Instruct,0.5
q98,0,1.0,0.0,0.0,0.0,A,D,D,Qwen/Qwen2.5-7B-Instruct,0.5
q98,1,0.0,0.0,0.0,1.0,D,C,D,Qwen/Qwen2.5-7B-Instruct,0.5
q98,2,0.0,0.0,1.0,0.0,C,B,D,Qwen/Qwen2.5-7B-Instruct,0.5
q98,3,0.0,1.0,0.0,0.0,B,A,D,Qwen/Qwen2.5-7B-Instruct,0.5
q99,0,0.0,0.0,1.0,0.0,C,C,C,Qwen/Qwen2.5-7B-Instruct,0.5
q99,1,0.0,1.0,0.0,0.0,B,B,C,Qwen/Qwen2.5-7B-Instruct,0.5
q99,2,1.0,0.0,0.0,0.0,A,A,C,Qwen/Qwen2.5-7B-Instruct,0.5
q99,3,1.0,0.0,0.0,0.0,A,D,C,Qwen/Qwen2.5-7B-Instruct,0.5
q100,0,0.0,0.0,0.0,1.0,D,D,D,Qwen/Qwen2.5-7B-Instruct,0.5
q100,1,0.0,0.0,1.0,0.0,C,C,D,Qwen/Qwen2.5-7B-Instruct,0.5
q100,2,0.0,1.0,0.0,0.0,B,B,D,Qwen/Qwen2.5-7B-Instruct,0.5
q100,3,1.0,0.0,0.0,0.0,A,A,D,Qwen/Qwen2.5-7B-Instruct,0.5
