question_id,permutation_idx,model,predicted_answer,correct_position,original_correct,is_correct,prob_A,prob_B,prob_C,prob_D,sample_count_A,sample_count_B,sample_count_C,sample_count_D,total_valid_samples,question
q1,0,ministral-3:8b,A,A,A,1,1.0,0.0,0.0,0.0,15,0,0,0,15,The access matrix approach to protection has the difficulty that
q1,1,ministral-3:8b,D,D,A,1,0.0,0.0,0.0,1.0,0,0,0,15,15,The access matrix approach to protection has the difficulty that
q1,2,ministral-3:8b,C,C,A,1,0.0,0.06666666666666667,0.9333333333333333,0.0,0,1,14,0,15,The access matrix approach to protection has the difficulty that
q1,3,ministral-3:8b,B,B,A,1,0.0,1.0,0.0,0.0,0,15,0,0,15,The access matrix approach to protection has the difficulty that
q2,0,ministral-3:8b,C,C,C,1,0.0,0.0,1.0,0.0,0,0,15,0,15,An integer c is a common divisor of two integers x and y if and only if c is a divisor of x and c is a divisor of y. Which of the following sets of integers could possibly be the set of all common divisors of two integers?
q2,1,ministral-3:8b,D,B,C,0,0.0,0.2,0.0,0.8,0,3,0,12,15,An integer c is a common divisor of two integers x and y if and only if c is a divisor of x and c is a divisor of y. Which of the following sets of integers could possibly be the set of all common divisors of two integers?
q2,2,ministral-3:8b,A,A,C,1,0.8,0.0,0.2,0.0,12,0,3,0,15,An integer c is a common divisor of two integers x and y if and only if c is a divisor of x and c is a divisor of y. Which of the following sets of integers could possibly be the set of all common divisors of two integers?
q2,3,ministral-3:8b,D,D,C,1,0.0,0.0,0.0,1.0,0,0,0,15,15,An integer c is a common divisor of two integers x and y if and only if c is a divisor of x and c is a divisor of y. Which of the following sets of integers could possibly be the set of all common divisors of two integers?
q3,0,ministral-3:8b,B,B,B,1,0.0,0.5333333333333333,0.4666666666666667,0.0,0,8,7,0,15,"In the NoNicks operating system, the time required by a single file-read operation has four nonoverlapping components:
disk seek time-25 msec
disk latency time-8 msec
disk transfer time- 1 msec per 1,000 bytes
operating system overhead-1 msec per 1,000 bytes + 10 msec
In version 1 of the system, the file read retrieved blocks of 1,000 bytes. In version 2, the file read (along with the underlying layout on disk) was modified to retrieve blocks of 4,000 bytes. The ratio of-the time required to read a large file under version 2 to the time required to read the same large file under version 1 is approximately"
q3,1,ministral-3:8b,A,A,B,1,0.5333333333333333,0.0,0.4666666666666667,0.0,8,0,7,0,15,"In the NoNicks operating system, the time required by a single file-read operation has four nonoverlapping components:
disk seek time-25 msec
disk latency time-8 msec
disk transfer time- 1 msec per 1,000 bytes
operating system overhead-1 msec per 1,000 bytes + 10 msec
In version 1 of the system, the file read retrieved blocks of 1,000 bytes. In version 2, the file read (along with the underlying layout on disk) was modified to retrieve blocks of 4,000 bytes. The ratio of-the time required to read a large file under version 2 to the time required to read the same large file under version 1 is approximately"
q3,2,ministral-3:8b,B,D,B,0,0.0,1.0,0.0,0.0,0,15,0,0,15,"In the NoNicks operating system, the time required by a single file-read operation has four nonoverlapping components:
disk seek time-25 msec
disk latency time-8 msec
disk transfer time- 1 msec per 1,000 bytes
operating system overhead-1 msec per 1,000 bytes + 10 msec
In version 1 of the system, the file read retrieved blocks of 1,000 bytes. In version 2, the file read (along with the underlying layout on disk) was modified to retrieve blocks of 4,000 bytes. The ratio of-the time required to read a large file under version 2 to the time required to read the same large file under version 1 is approximately"
q3,3,ministral-3:8b,C,C,B,1,0.4666666666666667,0.0,0.5333333333333333,0.0,7,0,8,0,15,"In the NoNicks operating system, the time required by a single file-read operation has four nonoverlapping components:
disk seek time-25 msec
disk latency time-8 msec
disk transfer time- 1 msec per 1,000 bytes
operating system overhead-1 msec per 1,000 bytes + 10 msec
In version 1 of the system, the file read retrieved blocks of 1,000 bytes. In version 2, the file read (along with the underlying layout on disk) was modified to retrieve blocks of 4,000 bytes. The ratio of-the time required to read a large file under version 2 to the time required to read the same large file under version 1 is approximately"
q4,0,ministral-3:8b,B,A,A,0,0.06666666666666667,0.9333333333333333,0.0,0.0,1,14,0,0,15,"You want to cluster 7 points into 3 clusters using the k-Means Clustering algorithm. Suppose after the first iteration, clusters C1, C2 and C3 contain the following two-dimensional points: C1 contains the 2 points: {(0,6), (6,0)} C2 contains the 3 points: {(2,2), (4,4), (6,6)} C3 contains the 2 points: {(5,5), (7,7)} What are the cluster centers computed for these 3 clusters?"
q4,1,ministral-3:8b,C,D,A,0,0.0,0.0,1.0,0.0,0,0,15,0,15,"You want to cluster 7 points into 3 clusters using the k-Means Clustering algorithm. Suppose after the first iteration, clusters C1, C2 and C3 contain the following two-dimensional points: C1 contains the 2 points: {(0,6), (6,0)} C2 contains the 3 points: {(2,2), (4,4), (6,6)} C3 contains the 2 points: {(5,5), (7,7)} What are the cluster centers computed for these 3 clusters?"
q4,2,ministral-3:8b,B,C,A,0,0.0,0.5333333333333333,0.0,0.4666666666666667,0,8,0,7,15,"You want to cluster 7 points into 3 clusters using the k-Means Clustering algorithm. Suppose after the first iteration, clusters C1, C2 and C3 contain the following two-dimensional points: C1 contains the 2 points: {(0,6), (6,0)} C2 contains the 3 points: {(2,2), (4,4), (6,6)} C3 contains the 2 points: {(5,5), (7,7)} What are the cluster centers computed for these 3 clusters?"
q4,3,ministral-3:8b,B,B,A,1,0.0,1.0,0.0,0.0,0,15,0,0,15,"You want to cluster 7 points into 3 clusters using the k-Means Clustering algorithm. Suppose after the first iteration, clusters C1, C2 and C3 contain the following two-dimensional points: C1 contains the 2 points: {(0,6), (6,0)} C2 contains the 3 points: {(2,2), (4,4), (6,6)} C3 contains the 2 points: {(5,5), (7,7)} What are the cluster centers computed for these 3 clusters?"
q5,0,ministral-3:8b,C,C,C,1,0.0,0.4,0.4666666666666667,0.13333333333333333,0,6,7,2,15,Any set of Boolean operators that is sufficient to represent all Boolean expressions is said to be complete. Which of the following is NOT complete?
q5,1,ministral-3:8b,B,B,C,1,0.0,0.8666666666666667,0.13333333333333333,0.0,0,13,2,0,15,Any set of Boolean operators that is sufficient to represent all Boolean expressions is said to be complete. Which of the following is NOT complete?
q5,2,ministral-3:8b,C,A,C,0,0.13333333333333333,0.13333333333333333,0.4,0.3333333333333333,2,2,6,5,15,Any set of Boolean operators that is sufficient to represent all Boolean expressions is said to be complete. Which of the following is NOT complete?
q5,3,ministral-3:8b,D,D,C,1,0.0,0.0,0.0,1.0,0,0,0,15,15,Any set of Boolean operators that is sufficient to represent all Boolean expressions is said to be complete. Which of the following is NOT complete?
q6,0,ministral-3:8b,B,C,C,0,0.0,0.6,0.4,0.0,0,9,6,0,15,"Consider the collection of all undirected graphs with 10 nodes and 6 edges. Let M and m, respectively, be the maximum and minimum number of connected components in any graph in the collection. If a graph has no selfloops and there is at most one edge between any pair of nodes, which of the following is true?"
q6,1,ministral-3:8b,B,B,C,1,0.0,0.5333333333333333,0.4666666666666667,0.0,0,8,7,0,15,"Consider the collection of all undirected graphs with 10 nodes and 6 edges. Let M and m, respectively, be the maximum and minimum number of connected components in any graph in the collection. If a graph has no selfloops and there is at most one edge between any pair of nodes, which of the following is true?"
q6,2,ministral-3:8b,B,A,C,0,0.0,1.0,0.0,0.0,0,15,0,0,15,"Consider the collection of all undirected graphs with 10 nodes and 6 edges. Let M and m, respectively, be the maximum and minimum number of connected components in any graph in the collection. If a graph has no selfloops and there is at most one edge between any pair of nodes, which of the following is true?"
q6,3,ministral-3:8b,C,D,C,0,0.0,0.0,1.0,0.0,0,0,15,0,15,"Consider the collection of all undirected graphs with 10 nodes and 6 edges. Let M and m, respectively, be the maximum and minimum number of connected components in any graph in the collection. If a graph has no selfloops and there is at most one edge between any pair of nodes, which of the following is true?"
q7,0,ministral-3:8b,C,C,C,1,0.0,0.0,1.0,0.0,0,0,15,0,15,"Resolution theorem proving for showing that a formula of propositional logic is not satisfiable has which of the following properties?
I. It is a sound proof system in the sense that there does not exist a proof of the unsatisfiability of a satisfiable formula of propositional logic.
II. It is a complete proof system in the sense that there is a proof of unsatisfiability for every unsa tisfiable formula of propositional logic.
III. It is a succinct proof system in the sense that whenever an unsatisfiable formula F of propositional logic has a resolution proof, F also has a proof whose length is polynomial in the length of F."
q7,1,ministral-3:8b,B,B,C,1,0.0,1.0,0.0,0.0,0,15,0,0,15,"Resolution theorem proving for showing that a formula of propositional logic is not satisfiable has which of the following properties?
I. It is a sound proof system in the sense that there does not exist a proof of the unsatisfiability of a satisfiable formula of propositional logic.
II. It is a complete proof system in the sense that there is a proof of unsatisfiability for every unsa tisfiable formula of propositional logic.
III. It is a succinct proof system in the sense that whenever an unsatisfiable formula F of propositional logic has a resolution proof, F also has a proof whose length is polynomial in the length of F."
q7,2,ministral-3:8b,A,A,C,1,1.0,0.0,0.0,0.0,15,0,0,0,15,"Resolution theorem proving for showing that a formula of propositional logic is not satisfiable has which of the following properties?
I. It is a sound proof system in the sense that there does not exist a proof of the unsatisfiability of a satisfiable formula of propositional logic.
II. It is a complete proof system in the sense that there is a proof of unsatisfiability for every unsa tisfiable formula of propositional logic.
III. It is a succinct proof system in the sense that whenever an unsatisfiable formula F of propositional logic has a resolution proof, F also has a proof whose length is polynomial in the length of F."
q7,3,ministral-3:8b,D,D,C,1,0.0,0.0,0.0,1.0,0,0,0,15,15,"Resolution theorem proving for showing that a formula of propositional logic is not satisfiable has which of the following properties?
I. It is a sound proof system in the sense that there does not exist a proof of the unsatisfiability of a satisfiable formula of propositional logic.
II. It is a complete proof system in the sense that there is a proof of unsatisfiability for every unsa tisfiable formula of propositional logic.
III. It is a succinct proof system in the sense that whenever an unsatisfiable formula F of propositional logic has a resolution proof, F also has a proof whose length is polynomial in the length of F."
q8,0,ministral-3:8b,D,B,B,0,0.0,0.0,0.0,1.0,0,0,0,15,15,"Which of the following statements describe(s) properties of a purely segmented memory system?
I. It divides memory into units of equal size.
II. It permits implementation of virtual memory.
III. It suffers from internal fragmentation."
q8,1,ministral-3:8b,D,A,B,0,0.0,0.0,0.0,1.0,0,0,0,15,15,"Which of the following statements describe(s) properties of a purely segmented memory system?
I. It divides memory into units of equal size.
II. It permits implementation of virtual memory.
III. It suffers from internal fragmentation."
q8,2,ministral-3:8b,C,D,B,0,0.0,0.06666666666666667,0.9333333333333333,0.0,0,1,14,0,15,"Which of the following statements describe(s) properties of a purely segmented memory system?
I. It divides memory into units of equal size.
II. It permits implementation of virtual memory.
III. It suffers from internal fragmentation."
q8,3,ministral-3:8b,B,C,B,0,0.4666666666666667,0.5333333333333333,0.0,0.0,7,8,0,0,15,"Which of the following statements describe(s) properties of a purely segmented memory system?
I. It divides memory into units of equal size.
II. It permits implementation of virtual memory.
III. It suffers from internal fragmentation."
q9,0,ministral-3:8b,B,C,C,0,0.0,1.0,0.0,0.0,0,15,0,0,15,Which of the following statements about floating-point arithmetic is NOT true?
q9,1,ministral-3:8b,D,B,C,0,0.0,0.0,0.0,1.0,0,0,0,15,15,Which of the following statements about floating-point arithmetic is NOT true?
q9,2,ministral-3:8b,C,A,C,0,0.0,0.0,1.0,0.0,0,0,15,0,15,Which of the following statements about floating-point arithmetic is NOT true?
q9,3,ministral-3:8b,B,D,C,0,0.0,0.6666666666666666,0.3333333333333333,0.0,0,10,5,0,15,Which of the following statements about floating-point arithmetic is NOT true?
q10,0,ministral-3:8b,C,C,C,1,0.0,0.0,1.0,0.0,0,0,15,0,15,"Suppose sharing of tiles in a multilevel directory structure is achieved with directory entries that are links pointing to a node containing information about a shared file. Information in this node includes (1) the owner of the file, (2) a count of the number of links to the tile, and (3) the disk block numbers of the file. What is a primary drawback to this approach to sharing?"
q10,1,ministral-3:8b,B,B,C,1,0.0,1.0,0.0,0.0,0,15,0,0,15,"Suppose sharing of tiles in a multilevel directory structure is achieved with directory entries that are links pointing to a node containing information about a shared file. Information in this node includes (1) the owner of the file, (2) a count of the number of links to the tile, and (3) the disk block numbers of the file. What is a primary drawback to this approach to sharing?"
q10,2,ministral-3:8b,A,A,C,1,1.0,0.0,0.0,0.0,15,0,0,0,15,"Suppose sharing of tiles in a multilevel directory structure is achieved with directory entries that are links pointing to a node containing information about a shared file. Information in this node includes (1) the owner of the file, (2) a count of the number of links to the tile, and (3) the disk block numbers of the file. What is a primary drawback to this approach to sharing?"
q10,3,ministral-3:8b,D,D,C,1,0.0,0.0,0.0,1.0,0,0,0,15,15,"Suppose sharing of tiles in a multilevel directory structure is achieved with directory entries that are links pointing to a node containing information about a shared file. Information in this node includes (1) the owner of the file, (2) a count of the number of links to the tile, and (3) the disk block numbers of the file. What is a primary drawback to this approach to sharing?"
q11,0,ministral-3:8b,B,D,D,0,0.0,0.4666666666666667,0.2,0.3333333333333333,0,7,3,5,15,"Mergesort works by splitting a list of n numbers in half, sorting each half recursively, and merging the two halves. Which of the following data structures will allow mergesort to work in O(n log n) time?
I. A singly linked list
II. A doubly linked list
III. An array"
q11,1,ministral-3:8b,C,C,D,1,0.0,0.0,1.0,0.0,0,0,15,0,15,"Mergesort works by splitting a list of n numbers in half, sorting each half recursively, and merging the two halves. Which of the following data structures will allow mergesort to work in O(n log n) time?
I. A singly linked list
II. A doubly linked list
III. An array"
q11,2,ministral-3:8b,B,B,D,1,0.0,0.6,0.0,0.4,0,9,0,6,15,"Mergesort works by splitting a list of n numbers in half, sorting each half recursively, and merging the two halves. Which of the following data structures will allow mergesort to work in O(n log n) time?
I. A singly linked list
II. A doubly linked list
III. An array"
q11,3,ministral-3:8b,C,A,D,0,0.0,0.0,1.0,0.0,0,0,15,0,15,"Mergesort works by splitting a list of n numbers in half, sorting each half recursively, and merging the two halves. Which of the following data structures will allow mergesort to work in O(n log n) time?
I. A singly linked list
II. A doubly linked list
III. An array"
q12,0,ministral-3:8b,A,A,A,1,0.5333333333333333,0.4666666666666667,0.0,0.0,8,7,0,0,15,"If p(x) is the minimal-degree interpolating polynomial for the real-valued function f(x) at the n + 1 distinct real numbers x0, .... xn what is the maximum possible degree of p(x)?"
q12,1,ministral-3:8b,D,D,A,1,0.0,0.0,0.0,1.0,0,0,0,15,15,"If p(x) is the minimal-degree interpolating polynomial for the real-valued function f(x) at the n + 1 distinct real numbers x0, .... xn what is the maximum possible degree of p(x)?"
q12,2,ministral-3:8b,D,C,A,0,0.0,0.0,0.0,1.0,0,0,0,15,15,"If p(x) is the minimal-degree interpolating polynomial for the real-valued function f(x) at the n + 1 distinct real numbers x0, .... xn what is the maximum possible degree of p(x)?"
q12,3,ministral-3:8b,C,B,A,0,0.0,0.0,1.0,0.0,0,0,15,0,15,"If p(x) is the minimal-degree interpolating polynomial for the real-valued function f(x) at the n + 1 distinct real numbers x0, .... xn what is the maximum possible degree of p(x)?"
q13,0,ministral-3:8b,C,A,A,0,0.0,0.0,1.0,0.0,0,0,15,0,15,"An internal hash table has 5 buckets, numbered 0, 1, 2, 3, 4. Keys are integers, and the hash function h(i) = i mod 5 is used, with linear resolution of collisions (i.e., if bucket h(i) is filled, the buckets h(i) + 1, h(i) + 2, ... are tried successively with all bucket numbers computed modulo 5). If elements with keys 13, 8, 24, 10, and 3 are inserted, m that order, into an initially blank hash table, then the content of the bucket numbered 2 is"
q13,1,ministral-3:8b,C,D,A,0,0.0,0.0,1.0,0.0,0,0,15,0,15,"An internal hash table has 5 buckets, numbered 0, 1, 2, 3, 4. Keys are integers, and the hash function h(i) = i mod 5 is used, with linear resolution of collisions (i.e., if bucket h(i) is filled, the buckets h(i) + 1, h(i) + 2, ... are tried successively with all bucket numbers computed modulo 5). If elements with keys 13, 8, 24, 10, and 3 are inserted, m that order, into an initially blank hash table, then the content of the bucket numbered 2 is"
q13,2,ministral-3:8b,C,C,A,1,0.0,0.13333333333333333,0.8666666666666667,0.0,0,2,13,0,15,"An internal hash table has 5 buckets, numbered 0, 1, 2, 3, 4. Keys are integers, and the hash function h(i) = i mod 5 is used, with linear resolution of collisions (i.e., if bucket h(i) is filled, the buckets h(i) + 1, h(i) + 2, ... are tried successively with all bucket numbers computed modulo 5). If elements with keys 13, 8, 24, 10, and 3 are inserted, m that order, into an initially blank hash table, then the content of the bucket numbered 2 is"
q13,3,ministral-3:8b,C,B,A,0,0.0,0.0,1.0,0.0,0,0,15,0,15,"An internal hash table has 5 buckets, numbered 0, 1, 2, 3, 4. Keys are integers, and the hash function h(i) = i mod 5 is used, with linear resolution of collisions (i.e., if bucket h(i) is filled, the buckets h(i) + 1, h(i) + 2, ... are tried successively with all bucket numbers computed modulo 5). If elements with keys 13, 8, 24, 10, and 3 are inserted, m that order, into an initially blank hash table, then the content of the bucket numbered 2 is"
q14,0,ministral-3:8b,C,C,C,1,0.0,0.0,1.0,0.0,0,0,15,0,15,TCP protocol is responsible (among other things) for
q14,1,ministral-3:8b,B,B,C,1,0.0,1.0,0.0,0.0,0,15,0,0,15,TCP protocol is responsible (among other things) for
q14,2,ministral-3:8b,A,A,C,1,1.0,0.0,0.0,0.0,15,0,0,0,15,TCP protocol is responsible (among other things) for
q14,3,ministral-3:8b,D,D,C,1,0.0,0.0,0.0,1.0,0,0,0,15,15,TCP protocol is responsible (among other things) for
q15,0,ministral-3:8b,D,A,A,0,0.0,0.0,0.0,1.0,0,0,0,15,15,"Let A and B be two sets of words (strings) from Σ*, for some alphabet of symbols Σ. Suppose that B is a subset of A. Which of the following statements must always be true of A and B ?
I. If A is finite, then B is finite.
II. If A is regular, then B is regular.
III. If A is context-free, then B is context-free."
q15,1,ministral-3:8b,C,D,A,0,0.4666666666666667,0.0,0.5333333333333333,0.0,7,0,8,0,15,"Let A and B be two sets of words (strings) from Σ*, for some alphabet of symbols Σ. Suppose that B is a subset of A. Which of the following statements must always be true of A and B ?
I. If A is finite, then B is finite.
II. If A is regular, then B is regular.
III. If A is context-free, then B is context-free."
q15,2,ministral-3:8b,B,C,A,0,0.0,0.6666666666666666,0.0,0.3333333333333333,0,10,0,5,15,"Let A and B be two sets of words (strings) from Σ*, for some alphabet of symbols Σ. Suppose that B is a subset of A. Which of the following statements must always be true of A and B ?
I. If A is finite, then B is finite.
II. If A is regular, then B is regular.
III. If A is context-free, then B is context-free."
q15,3,ministral-3:8b,A,B,A,0,1.0,0.0,0.0,0.0,15,0,0,0,15,"Let A and B be two sets of words (strings) from Σ*, for some alphabet of symbols Σ. Suppose that B is a subset of A. Which of the following statements must always be true of A and B ?
I. If A is finite, then B is finite.
II. If A is regular, then B is regular.
III. If A is context-free, then B is context-free."
q16,0,ministral-3:8b,C,D,D,0,0.0,0.06666666666666667,0.9333333333333333,0.0,0,1,14,0,15,"For all strings x, the function x^M is defined recursively as follows.
e^M= e, and
if w is a string and a is a string with length 1, then
(aw)^M = aw^Ma.
Let a be a string with length 1, and let x and y be arbitrary strings. Which of the following is true?"
q16,1,ministral-3:8b,C,C,D,1,0.0,0.4,0.6,0.0,0,6,9,0,15,"For all strings x, the function x^M is defined recursively as follows.
e^M= e, and
if w is a string and a is a string with length 1, then
(aw)^M = aw^Ma.
Let a be a string with length 1, and let x and y be arbitrary strings. Which of the following is true?"
q16,2,ministral-3:8b,C,B,D,0,0.0,0.0,0.5333333333333333,0.4666666666666667,0,0,8,7,15,"For all strings x, the function x^M is defined recursively as follows.
e^M= e, and
if w is a string and a is a string with length 1, then
(aw)^M = aw^Ma.
Let a be a string with length 1, and let x and y be arbitrary strings. Which of the following is true?"
q16,3,ministral-3:8b,C,A,D,0,0.0,0.0,1.0,0.0,0,0,15,0,15,"For all strings x, the function x^M is defined recursively as follows.
e^M= e, and
if w is a string and a is a string with length 1, then
(aw)^M = aw^Ma.
Let a be a string with length 1, and let x and y be arbitrary strings. Which of the following is true?"
q17,0,ministral-3:8b,D,D,D,1,0.0,0.0,0.0,1.0,0,0,0,15,15,Which of the following is NOT a reasonable justification for choosing to busy-wait on an asynchronous event?
q17,1,ministral-3:8b,C,C,D,1,0.0,0.0,1.0,0.0,0,0,15,0,15,Which of the following is NOT a reasonable justification for choosing to busy-wait on an asynchronous event?
q17,2,ministral-3:8b,B,B,D,1,0.0,1.0,0.0,0.0,0,15,0,0,15,Which of the following is NOT a reasonable justification for choosing to busy-wait on an asynchronous event?
q17,3,ministral-3:8b,C,A,D,0,0.13333333333333333,0.0,0.8666666666666667,0.0,2,0,13,0,15,Which of the following is NOT a reasonable justification for choosing to busy-wait on an asynchronous event?
q18,0,ministral-3:8b,D,B,B,0,0.0,0.0,0.0,1.0,0,0,0,15,15,The language {ww | w in (0 + 1)*} is
q18,1,ministral-3:8b,C,A,B,0,0.0,0.0,1.0,0.0,0,0,15,0,15,The language {ww | w in (0 + 1)*} is
q18,2,ministral-3:8b,B,D,B,0,0.0,1.0,0.0,0.0,0,15,0,0,15,The language {ww | w in (0 + 1)*} is
q18,3,ministral-3:8b,A,C,B,0,1.0,0.0,0.0,0.0,15,0,0,0,15,The language {ww | w in (0 + 1)*} is
q19,0,ministral-3:8b,A,A,A,1,1.0,0.0,0.0,0.0,15,0,0,0,15,Which of the following statements about Ethernets is typically FALSE?
q19,1,ministral-3:8b,D,D,A,1,0.0,0.0,0.0,1.0,0,0,0,15,15,Which of the following statements about Ethernets is typically FALSE?
q19,2,ministral-3:8b,C,C,A,1,0.0,0.0,1.0,0.0,0,0,15,0,15,Which of the following statements about Ethernets is typically FALSE?
q19,3,ministral-3:8b,B,B,A,1,0.0,1.0,0.0,0.0,0,15,0,0,15,Which of the following statements about Ethernets is typically FALSE?
q20,0,ministral-3:8b,D,D,D,1,0.0,0.13333333333333333,0.0,0.8666666666666667,0,2,0,13,15,"Let P be a procedure that for some inputs calls itself (i.e., is recursive). If P is guaranteed to terminate, which of the following statements must be true?
I. P has a local variable.
II. P has an execution path where it does not call itself.
III. P either refers to a global variable or has at least one parameter."
q20,1,ministral-3:8b,C,C,D,1,0.0,0.0,1.0,0.0,0,0,15,0,15,"Let P be a procedure that for some inputs calls itself (i.e., is recursive). If P is guaranteed to terminate, which of the following statements must be true?
I. P has a local variable.
II. P has an execution path where it does not call itself.
III. P either refers to a global variable or has at least one parameter."
q20,2,ministral-3:8b,D,B,D,0,0.0,0.4666666666666667,0.0,0.5333333333333333,0,7,0,8,15,"Let P be a procedure that for some inputs calls itself (i.e., is recursive). If P is guaranteed to terminate, which of the following statements must be true?
I. P has a local variable.
II. P has an execution path where it does not call itself.
III. P either refers to a global variable or has at least one parameter."
q20,3,ministral-3:8b,A,A,D,1,1.0,0.0,0.0,0.0,15,0,0,0,15,"Let P be a procedure that for some inputs calls itself (i.e., is recursive). If P is guaranteed to terminate, which of the following statements must be true?
I. P has a local variable.
II. P has an execution path where it does not call itself.
III. P either refers to a global variable or has at least one parameter."
q21,0,ministral-3:8b,D,D,D,1,0.0,0.0,0.0,1.0,0,0,0,15,15,Which of the following comes closest to being a perfectly secure encryption scheme?
q21,1,ministral-3:8b,C,C,D,1,0.0,0.0,1.0,0.0,0,0,15,0,15,Which of the following comes closest to being a perfectly secure encryption scheme?
q21,2,ministral-3:8b,B,B,D,1,0.0,1.0,0.0,0.0,0,15,0,0,15,Which of the following comes closest to being a perfectly secure encryption scheme?
q21,3,ministral-3:8b,A,A,D,1,1.0,0.0,0.0,0.0,15,0,0,0,15,Which of the following comes closest to being a perfectly secure encryption scheme?
q22,0,ministral-3:8b,B,B,B,1,0.0,1.0,0.0,0.0,0,15,0,0,15,"Of the following problems concerning a given undirected graph G, which is currently known to be solvable in polynomial time?"
q22,1,ministral-3:8b,B,A,B,0,0.0,1.0,0.0,0.0,0,15,0,0,15,"Of the following problems concerning a given undirected graph G, which is currently known to be solvable in polynomial time?"
q22,2,ministral-3:8b,A,D,B,0,0.8666666666666667,0.0,0.0,0.13333333333333333,13,0,0,2,15,"Of the following problems concerning a given undirected graph G, which is currently known to be solvable in polynomial time?"
q22,3,ministral-3:8b,C,C,B,1,0.0,0.0,1.0,0.0,0,0,15,0,15,"Of the following problems concerning a given undirected graph G, which is currently known to be solvable in polynomial time?"
q23,0,ministral-3:8b,A,A,A,1,1.0,0.0,0.0,0.0,15,0,0,0,15,The IP protocol is primarily concerned with
q23,1,ministral-3:8b,D,D,A,1,0.0,0.0,0.0,1.0,0,0,0,15,15,The IP protocol is primarily concerned with
q23,2,ministral-3:8b,C,C,A,1,0.0,0.0,1.0,0.0,0,0,15,0,15,The IP protocol is primarily concerned with
q23,3,ministral-3:8b,B,B,A,1,0.0,1.0,0.0,0.0,0,15,0,0,15,The IP protocol is primarily concerned with
q24,0,ministral-3:8b,B,A,A,0,0.0,1.0,0.0,0.0,0,15,0,0,15,"Of the following, which best approximates the ratio of the number of nonterminal nodes to the total number of nodes in a complete K-ary tree of depth N?"
q24,1,ministral-3:8b,A,D,A,0,1.0,0.0,0.0,0.0,15,0,0,0,15,"Of the following, which best approximates the ratio of the number of nonterminal nodes to the total number of nodes in a complete K-ary tree of depth N?"
q24,2,ministral-3:8b,D,C,A,0,0.0,0.0,0.0,1.0,0,0,0,15,15,"Of the following, which best approximates the ratio of the number of nonterminal nodes to the total number of nodes in a complete K-ary tree of depth N?"
q24,3,ministral-3:8b,C,B,A,0,0.0,0.0,1.0,0.0,0,0,15,0,15,"Of the following, which best approximates the ratio of the number of nonterminal nodes to the total number of nodes in a complete K-ary tree of depth N?"
q25,0,ministral-3:8b,D,A,A,0,0.0,0.06666666666666667,0.0,0.9333333333333333,0,1,0,14,15,"Consider a computer system in which processes can request and release one or more resources. Once a process has been granted a resource, the process has exclusive use of that resource until it is released. If a process requests a resource that is already in use, the process enters a queue for that resource, waiting until the resource is available. Which of the following will NOT deal effectively with the problem of deadlock?"
q25,1,ministral-3:8b,C,D,A,0,0.0,0.0,1.0,0.0,0,0,15,0,15,"Consider a computer system in which processes can request and release one or more resources. Once a process has been granted a resource, the process has exclusive use of that resource until it is released. If a process requests a resource that is already in use, the process enters a queue for that resource, waiting until the resource is available. Which of the following will NOT deal effectively with the problem of deadlock?"
q25,2,ministral-3:8b,B,C,A,0,0.0,1.0,0.0,0.0,0,15,0,0,15,"Consider a computer system in which processes can request and release one or more resources. Once a process has been granted a resource, the process has exclusive use of that resource until it is released. If a process requests a resource that is already in use, the process enters a queue for that resource, waiting until the resource is available. Which of the following will NOT deal effectively with the problem of deadlock?"
q25,3,ministral-3:8b,C,B,A,0,0.0,0.4,0.6,0.0,0,6,9,0,15,"Consider a computer system in which processes can request and release one or more resources. Once a process has been granted a resource, the process has exclusive use of that resource until it is released. If a process requests a resource that is already in use, the process enters a queue for that resource, waiting until the resource is available. Which of the following will NOT deal effectively with the problem of deadlock?"
q26,0,ministral-3:8b,D,D,D,1,0.0,0.0,0.0,1.0,0,0,0,15,15,"""Magic memory""' has two operations: Read and Clear. Both are indivisible and mutually exclusive. Clear sets the magic memory to zero. Read returns a value that represents the number of Read operations since the last Clear operation. Which of the following is (are) true of ""Magic memory""?
I. It can provide the functionality of an atomic Test-and-Set.
II. It can be used to coordinate processes running on a shared-memory multiprocessor.
III. It is only useful on a multiprocessor."
q26,1,ministral-3:8b,C,C,D,1,0.0,0.0,1.0,0.0,0,0,15,0,15,"""Magic memory""' has two operations: Read and Clear. Both are indivisible and mutually exclusive. Clear sets the magic memory to zero. Read returns a value that represents the number of Read operations since the last Clear operation. Which of the following is (are) true of ""Magic memory""?
I. It can provide the functionality of an atomic Test-and-Set.
II. It can be used to coordinate processes running on a shared-memory multiprocessor.
III. It is only useful on a multiprocessor."
q26,2,ministral-3:8b,B,B,D,1,0.0,1.0,0.0,0.0,0,15,0,0,15,"""Magic memory""' has two operations: Read and Clear. Both are indivisible and mutually exclusive. Clear sets the magic memory to zero. Read returns a value that represents the number of Read operations since the last Clear operation. Which of the following is (are) true of ""Magic memory""?
I. It can provide the functionality of an atomic Test-and-Set.
II. It can be used to coordinate processes running on a shared-memory multiprocessor.
III. It is only useful on a multiprocessor."
q26,3,ministral-3:8b,A,A,D,1,1.0,0.0,0.0,0.0,15,0,0,0,15,"""Magic memory""' has two operations: Read and Clear. Both are indivisible and mutually exclusive. Clear sets the magic memory to zero. Read returns a value that represents the number of Read operations since the last Clear operation. Which of the following is (are) true of ""Magic memory""?
I. It can provide the functionality of an atomic Test-and-Set.
II. It can be used to coordinate processes running on a shared-memory multiprocessor.
III. It is only useful on a multiprocessor."
q27,0,ministral-3:8b,C,C,C,1,0.0,0.0,1.0,0.0,0,0,15,0,15,Which of the following is the name of the data structure in a compiler that is responsible for managing information about variables and their attributes?
q27,1,ministral-3:8b,B,B,C,1,0.0,1.0,0.0,0.0,0,15,0,0,15,Which of the following is the name of the data structure in a compiler that is responsible for managing information about variables and their attributes?
q27,2,ministral-3:8b,A,A,C,1,1.0,0.0,0.0,0.0,15,0,0,0,15,Which of the following is the name of the data structure in a compiler that is responsible for managing information about variables and their attributes?
q27,3,ministral-3:8b,D,D,C,1,0.0,0.0,0.0,1.0,0,0,0,15,15,Which of the following is the name of the data structure in a compiler that is responsible for managing information about variables and their attributes?
q28,0,ministral-3:8b,D,D,D,1,0.13333333333333333,0.0,0.0,0.8666666666666667,2,0,0,13,15,Which of the following algorithms has running time Θ(n^2) in the worst case but Θ(n log n) on average?
q28,1,ministral-3:8b,C,C,D,1,0.0,0.0,1.0,0.0,0,0,15,0,15,Which of the following algorithms has running time Θ(n^2) in the worst case but Θ(n log n) on average?
q28,2,ministral-3:8b,B,B,D,1,0.0,1.0,0.0,0.0,0,15,0,0,15,Which of the following algorithms has running time Θ(n^2) in the worst case but Θ(n log n) on average?
q28,3,ministral-3:8b,B,A,D,0,0.13333333333333333,0.8666666666666667,0.0,0.0,2,13,0,0,15,Which of the following algorithms has running time Θ(n^2) in the worst case but Θ(n log n) on average?
q29,0,ministral-3:8b,D,D,D,1,0.0,0.0,0.0,1.0,0,0,0,15,15,"Languages with a structure that implements abstract data types (e.g., a C++ class) can prevent access to components of this structure by all operations except those that are part of this structure. However, definitions of such a structure often contain declarations of components of the structure (e.g., the header file for a C++ class may contain declarations of its private components). For such a language, an object's name could be bound at run time to stack storage for its component values (direct representation) or to a stack pointer referencing heap storage for its component values (indirect representation). Which of the following statements about comparisons between direct and indirect representations is (are) true?
I. Indirect representation noticeably increases compilation time.
II. Direct representation decreases the time needed to access components of a variable.
III. When the storage size of some private component of a variable changes, indirect representation minimizes the number of recompilations of source modules that must be performed."
q29,1,ministral-3:8b,C,C,D,1,0.0,0.0,1.0,0.0,0,0,15,0,15,"Languages with a structure that implements abstract data types (e.g., a C++ class) can prevent access to components of this structure by all operations except those that are part of this structure. However, definitions of such a structure often contain declarations of components of the structure (e.g., the header file for a C++ class may contain declarations of its private components). For such a language, an object's name could be bound at run time to stack storage for its component values (direct representation) or to a stack pointer referencing heap storage for its component values (indirect representation). Which of the following statements about comparisons between direct and indirect representations is (are) true?
I. Indirect representation noticeably increases compilation time.
II. Direct representation decreases the time needed to access components of a variable.
III. When the storage size of some private component of a variable changes, indirect representation minimizes the number of recompilations of source modules that must be performed."
q29,2,ministral-3:8b,B,B,D,1,0.0,1.0,0.0,0.0,0,15,0,0,15,"Languages with a structure that implements abstract data types (e.g., a C++ class) can prevent access to components of this structure by all operations except those that are part of this structure. However, definitions of such a structure often contain declarations of components of the structure (e.g., the header file for a C++ class may contain declarations of its private components). For such a language, an object's name could be bound at run time to stack storage for its component values (direct representation) or to a stack pointer referencing heap storage for its component values (indirect representation). Which of the following statements about comparisons between direct and indirect representations is (are) true?
I. Indirect representation noticeably increases compilation time.
II. Direct representation decreases the time needed to access components of a variable.
III. When the storage size of some private component of a variable changes, indirect representation minimizes the number of recompilations of source modules that must be performed."
q29,3,ministral-3:8b,A,A,D,1,0.8666666666666667,0.0,0.13333333333333333,0.0,13,0,2,0,15,"Languages with a structure that implements abstract data types (e.g., a C++ class) can prevent access to components of this structure by all operations except those that are part of this structure. However, definitions of such a structure often contain declarations of components of the structure (e.g., the header file for a C++ class may contain declarations of its private components). For such a language, an object's name could be bound at run time to stack storage for its component values (direct representation) or to a stack pointer referencing heap storage for its component values (indirect representation). Which of the following statements about comparisons between direct and indirect representations is (are) true?
I. Indirect representation noticeably increases compilation time.
II. Direct representation decreases the time needed to access components of a variable.
III. When the storage size of some private component of a variable changes, indirect representation minimizes the number of recompilations of source modules that must be performed."
q30,0,ministral-3:8b,B,C,C,0,0.0,1.0,0.0,0.0,0,15,0,0,15,Which of the following is NOT a property of bitmap graphics?
q30,1,ministral-3:8b,B,B,C,1,0.0,1.0,0.0,0.0,0,15,0,0,15,Which of the following is NOT a property of bitmap graphics?
q30,2,ministral-3:8b,A,A,C,1,0.5333333333333333,0.0,0.0,0.4666666666666667,8,0,0,7,15,Which of the following is NOT a property of bitmap graphics?
q30,3,ministral-3:8b,C,D,C,0,0.0,0.0,1.0,0.0,0,0,15,0,15,Which of the following is NOT a property of bitmap graphics?
q31,0,ministral-3:8b,C,C,C,1,0.0,0.0,1.0,0.0,0,0,15,0,15,Which of the following is true of interrupts?
q31,1,ministral-3:8b,B,B,C,1,0.0,1.0,0.0,0.0,0,15,0,0,15,Which of the following is true of interrupts?
q31,2,ministral-3:8b,A,A,C,1,1.0,0.0,0.0,0.0,15,0,0,0,15,Which of the following is true of interrupts?
q31,3,ministral-3:8b,D,D,C,1,0.0,0.0,0.0,1.0,0,0,0,15,15,Which of the following is true of interrupts?
q32,0,ministral-3:8b,D,D,D,1,0.0,0.0,0.0,1.0,0,0,0,15,15,"In a height-balanced binary search tree, the heights of the left and right descendents of any node differ by at most 1. Which of the following are true of such a tree?
I. Worst-case search time is logarithmic in the number of nodes.
II. Average-case search time is logarithmic in the number of nodes.
III. Best-case search time is proportional to the height of the tree.
IV. The height of the tree is logarithmic in the number of nodes."
q32,1,ministral-3:8b,C,C,D,1,0.0,0.0,1.0,0.0,0,0,15,0,15,"In a height-balanced binary search tree, the heights of the left and right descendents of any node differ by at most 1. Which of the following are true of such a tree?
I. Worst-case search time is logarithmic in the number of nodes.
II. Average-case search time is logarithmic in the number of nodes.
III. Best-case search time is proportional to the height of the tree.
IV. The height of the tree is logarithmic in the number of nodes."
q32,2,ministral-3:8b,B,B,D,1,0.0,1.0,0.0,0.0,0,15,0,0,15,"In a height-balanced binary search tree, the heights of the left and right descendents of any node differ by at most 1. Which of the following are true of such a tree?
I. Worst-case search time is logarithmic in the number of nodes.
II. Average-case search time is logarithmic in the number of nodes.
III. Best-case search time is proportional to the height of the tree.
IV. The height of the tree is logarithmic in the number of nodes."
q32,3,ministral-3:8b,A,A,D,1,1.0,0.0,0.0,0.0,15,0,0,0,15,"In a height-balanced binary search tree, the heights of the left and right descendents of any node differ by at most 1. Which of the following are true of such a tree?
I. Worst-case search time is logarithmic in the number of nodes.
II. Average-case search time is logarithmic in the number of nodes.
III. Best-case search time is proportional to the height of the tree.
IV. The height of the tree is logarithmic in the number of nodes."
q33,0,ministral-3:8b,D,D,D,1,0.0,0.0,0.0,1.0,0,0,0,15,15,"Bob writes down a number between 1 and 1,000. Mary must identify that number by asking ""yes/no"" questions of Bob. Mary knows that Bob always tells the truth. If Mary uses an optimal strategy, then she will determine the answer at the end of exactly how many questions in the worst case?"
q33,1,ministral-3:8b,C,C,D,1,0.0,0.0,1.0,0.0,0,0,15,0,15,"Bob writes down a number between 1 and 1,000. Mary must identify that number by asking ""yes/no"" questions of Bob. Mary knows that Bob always tells the truth. If Mary uses an optimal strategy, then she will determine the answer at the end of exactly how many questions in the worst case?"
q33,2,ministral-3:8b,B,B,D,1,0.0,1.0,0.0,0.0,0,15,0,0,15,"Bob writes down a number between 1 and 1,000. Mary must identify that number by asking ""yes/no"" questions of Bob. Mary knows that Bob always tells the truth. If Mary uses an optimal strategy, then she will determine the answer at the end of exactly how many questions in the worst case?"
q33,3,ministral-3:8b,A,A,D,1,1.0,0.0,0.0,0.0,15,0,0,0,15,"Bob writes down a number between 1 and 1,000. Mary must identify that number by asking ""yes/no"" questions of Bob. Mary knows that Bob always tells the truth. If Mary uses an optimal strategy, then she will determine the answer at the end of exactly how many questions in the worst case?"
q34,0,ministral-3:8b,A,A,A,1,1.0,0.0,0.0,0.0,15,0,0,0,15,"Which of the following is (are) true about virtual memory systems that use pages?
I. The virtual address space can be larger than the amount of physical memory.
II. Programs must be resident in main memory throughout their execution.
III. Pages correspond to semantic characteristics of the program."
q34,1,ministral-3:8b,D,D,A,1,0.0,0.0,0.0,1.0,0,0,0,15,15,"Which of the following is (are) true about virtual memory systems that use pages?
I. The virtual address space can be larger than the amount of physical memory.
II. Programs must be resident in main memory throughout their execution.
III. Pages correspond to semantic characteristics of the program."
q34,2,ministral-3:8b,C,C,A,1,0.0,0.0,1.0,0.0,0,0,15,0,15,"Which of the following is (are) true about virtual memory systems that use pages?
I. The virtual address space can be larger than the amount of physical memory.
II. Programs must be resident in main memory throughout their execution.
III. Pages correspond to semantic characteristics of the program."
q34,3,ministral-3:8b,B,B,A,1,0.0,1.0,0.0,0.0,0,15,0,0,15,"Which of the following is (are) true about virtual memory systems that use pages?
I. The virtual address space can be larger than the amount of physical memory.
II. Programs must be resident in main memory throughout their execution.
III. Pages correspond to semantic characteristics of the program."
q35,0,ministral-3:8b,B,B,B,1,0.0,1.0,0.0,0.0,0,15,0,0,15,Which of the following is usually NOT represented in a subroutine's activation record frame for a stack-based programming language?
q35,1,ministral-3:8b,A,A,B,1,1.0,0.0,0.0,0.0,15,0,0,0,15,Which of the following is usually NOT represented in a subroutine's activation record frame for a stack-based programming language?
q35,2,ministral-3:8b,D,D,B,1,0.0,0.0,0.0,1.0,0,0,0,15,15,Which of the following is usually NOT represented in a subroutine's activation record frame for a stack-based programming language?
q35,3,ministral-3:8b,C,C,B,1,0.0,0.0,1.0,0.0,0,0,15,0,15,Which of the following is usually NOT represented in a subroutine's activation record frame for a stack-based programming language?
q36,0,ministral-3:8b,A,C,C,0,0.5333333333333333,0.0,0.3333333333333333,0.13333333333333333,8,0,5,2,15,Which of the following statements about a remote procedure call is true?
q36,1,ministral-3:8b,C,B,C,0,0.0,0.3333333333333333,0.6666666666666666,0.0,0,5,10,0,15,Which of the following statements about a remote procedure call is true?
q36,2,ministral-3:8b,B,A,C,0,0.0,1.0,0.0,0.0,0,15,0,0,15,Which of the following statements about a remote procedure call is true?
q36,3,ministral-3:8b,B,D,C,0,0.0,1.0,0.0,0.0,0,15,0,0,15,Which of the following statements about a remote procedure call is true?
q37,0,ministral-3:8b,C,C,C,1,0.0,0.0,1.0,0.0,0,0,15,0,15,"Of the following sorting algorithms, which has a running time that is LEAST dependent on the initial ordering of the input?"
q37,1,ministral-3:8b,B,B,C,1,0.0,1.0,0.0,0.0,0,15,0,0,15,"Of the following sorting algorithms, which has a running time that is LEAST dependent on the initial ordering of the input?"
q37,2,ministral-3:8b,B,A,C,0,0.0,1.0,0.0,0.0,0,15,0,0,15,"Of the following sorting algorithms, which has a running time that is LEAST dependent on the initial ordering of the input?"
q37,3,ministral-3:8b,D,D,C,1,0.0,0.2,0.0,0.8,0,3,0,12,15,"Of the following sorting algorithms, which has a running time that is LEAST dependent on the initial ordering of the input?"
q38,0,ministral-3:8b,B,D,D,0,0.0,1.0,0.0,0.0,0,15,0,0,15,"A particular parallel program computation requires 100 seconds when executed on a single processor. If 40 percent of this computation is ""inherently sequential"" (i.e., will not benefit from additional processors), then the theoretically best possible elapsed times for this program running with 2 and 4 processors, respectively, are"
q38,1,ministral-3:8b,B,C,D,0,0.0,1.0,0.0,0.0,0,15,0,0,15,"A particular parallel program computation requires 100 seconds when executed on a single processor. If 40 percent of this computation is ""inherently sequential"" (i.e., will not benefit from additional processors), then the theoretically best possible elapsed times for this program running with 2 and 4 processors, respectively, are"
q38,2,ministral-3:8b,B,B,D,1,0.0,1.0,0.0,0.0,0,15,0,0,15,"A particular parallel program computation requires 100 seconds when executed on a single processor. If 40 percent of this computation is ""inherently sequential"" (i.e., will not benefit from additional processors), then the theoretically best possible elapsed times for this program running with 2 and 4 processors, respectively, are"
q38,3,ministral-3:8b,C,A,D,0,0.4,0.0,0.5333333333333333,0.06666666666666667,6,0,8,1,15,"A particular parallel program computation requires 100 seconds when executed on a single processor. If 40 percent of this computation is ""inherently sequential"" (i.e., will not benefit from additional processors), then the theoretically best possible elapsed times for this program running with 2 and 4 processors, respectively, are"
q39,0,ministral-3:8b,C,D,D,0,0.0,0.0,1.0,0.0,0,0,15,0,15,"Consider the representation of six-bit numbers by two's complement, one's complement, or by sign and magnitude. In which representation is there overflow from the addition of the integers 011000 and 011000?"
q39,1,ministral-3:8b,D,C,D,0,0.0,0.2,0.4,0.4,0,3,6,6,15,"Consider the representation of six-bit numbers by two's complement, one's complement, or by sign and magnitude. In which representation is there overflow from the addition of the integers 011000 and 011000?"
q39,2,ministral-3:8b,B,B,D,1,0.0,0.6,0.4,0.0,0,9,6,0,15,"Consider the representation of six-bit numbers by two's complement, one's complement, or by sign and magnitude. In which representation is there overflow from the addition of the integers 011000 and 011000?"
q39,3,ministral-3:8b,D,A,D,0,0.0,0.4,0.0,0.6,0,6,0,9,15,"Consider the representation of six-bit numbers by two's complement, one's complement, or by sign and magnitude. In which representation is there overflow from the addition of the integers 011000 and 011000?"
q40,0,ministral-3:8b,B,B,B,1,0.0,1.0,0.0,0.0,0,15,0,0,15,"Of the following, which best characterizes computers that use memory-mapped I/O?"
q40,1,ministral-3:8b,A,A,B,1,1.0,0.0,0.0,0.0,15,0,0,0,15,"Of the following, which best characterizes computers that use memory-mapped I/O?"
q40,2,ministral-3:8b,D,D,B,1,0.0,0.0,0.0,1.0,0,0,0,15,15,"Of the following, which best characterizes computers that use memory-mapped I/O?"
q40,3,ministral-3:8b,C,C,B,1,0.0,0.0,1.0,0.0,0,0,15,0,15,"Of the following, which best characterizes computers that use memory-mapped I/O?"
q41,0,ministral-3:8b,A,A,A,1,1.0,0.0,0.0,0.0,15,0,0,0,15,Many cryptographic protocols base their security on assumptions about the computational difficulty of integer factorization. Integer factorization serves this purpose because we believe that
q41,1,ministral-3:8b,D,D,A,1,0.0,0.0,0.0,1.0,0,0,0,15,15,Many cryptographic protocols base their security on assumptions about the computational difficulty of integer factorization. Integer factorization serves this purpose because we believe that
q41,2,ministral-3:8b,C,C,A,1,0.0,0.0,1.0,0.0,0,0,15,0,15,Many cryptographic protocols base their security on assumptions about the computational difficulty of integer factorization. Integer factorization serves this purpose because we believe that
q41,3,ministral-3:8b,B,B,A,1,0.0,1.0,0.0,0.0,0,15,0,0,15,Many cryptographic protocols base their security on assumptions about the computational difficulty of integer factorization. Integer factorization serves this purpose because we believe that
q42,0,ministral-3:8b,D,D,D,1,0.0,0.0,0.0,1.0,0,0,0,15,15,Which of the following sets of bit strings CANNOT be described with a regular expression?
q42,1,ministral-3:8b,C,C,D,1,0.0,0.4666666666666667,0.5333333333333333,0.0,0,7,8,0,15,Which of the following sets of bit strings CANNOT be described with a regular expression?
q42,2,ministral-3:8b,B,B,D,1,0.0,1.0,0.0,0.0,0,15,0,0,15,Which of the following sets of bit strings CANNOT be described with a regular expression?
q42,3,ministral-3:8b,B,A,D,0,0.13333333333333333,0.8666666666666667,0.0,0.0,2,13,0,0,15,Which of the following sets of bit strings CANNOT be described with a regular expression?
q43,0,ministral-3:8b,D,A,A,0,0.0,0.0,0.0,1.0,0,0,0,15,15,"Which of the following conditions can be expressed by a Boolean formula in the Boolean variables p_1, p_2, p_3, p_4 and the connectives ∧,∨ (without ¬)?
I. At least three of p_1, p_2, p_3, p_4 are true.
II. Exactly three of p_1, p_2, p_3, p_4 are true.
III. An even number of p_1, p_2, p_3, p_4 are true."
q43,1,ministral-3:8b,C,D,A,0,0.0,0.13333333333333333,0.8666666666666667,0.0,0,2,13,0,15,"Which of the following conditions can be expressed by a Boolean formula in the Boolean variables p_1, p_2, p_3, p_4 and the connectives ∧,∨ (without ¬)?
I. At least three of p_1, p_2, p_3, p_4 are true.
II. Exactly three of p_1, p_2, p_3, p_4 are true.
III. An even number of p_1, p_2, p_3, p_4 are true."
q43,2,ministral-3:8b,B,C,A,0,0.2,0.8,0.0,0.0,3,12,0,0,15,"Which of the following conditions can be expressed by a Boolean formula in the Boolean variables p_1, p_2, p_3, p_4 and the connectives ∧,∨ (without ¬)?
I. At least three of p_1, p_2, p_3, p_4 are true.
II. Exactly three of p_1, p_2, p_3, p_4 are true.
III. An even number of p_1, p_2, p_3, p_4 are true."
q43,3,ministral-3:8b,A,B,A,0,0.8,0.0,0.0,0.2,12,0,0,3,15,"Which of the following conditions can be expressed by a Boolean formula in the Boolean variables p_1, p_2, p_3, p_4 and the connectives ∧,∨ (without ¬)?
I. At least three of p_1, p_2, p_3, p_4 are true.
II. Exactly three of p_1, p_2, p_3, p_4 are true.
III. An even number of p_1, p_2, p_3, p_4 are true."
q44,0,ministral-3:8b,C,D,D,0,0.0,0.4666666666666667,0.5333333333333333,0.0,0,7,8,0,15,"Two alternatives for interconnecting a set of processors with bidirectional links are (1) the fully interconnected network, in which each processor is directly connected to every other processor, and (2) the ring network, in which each processor is connected to two other processors. The worst-case path length for a network is the maximum, over all pairs of nodes in the network, of the minimum length paths (measured in number of links) between the nodes. For each type of interconnection of n processors, a figure of merit can be formed as the product of the number of links required for the network times the worst-case path length connecting any two processors. The ratio of this figure of merit for the fully interconnected network compared to that of the ring network, for even n > 2, is"
q44,1,ministral-3:8b,C,C,D,1,0.0,0.0,0.9333333333333333,0.06666666666666667,0,0,14,1,15,"Two alternatives for interconnecting a set of processors with bidirectional links are (1) the fully interconnected network, in which each processor is directly connected to every other processor, and (2) the ring network, in which each processor is connected to two other processors. The worst-case path length for a network is the maximum, over all pairs of nodes in the network, of the minimum length paths (measured in number of links) between the nodes. For each type of interconnection of n processors, a figure of merit can be formed as the product of the number of links required for the network times the worst-case path length connecting any two processors. The ratio of this figure of merit for the fully interconnected network compared to that of the ring network, for even n > 2, is"
q44,2,ministral-3:8b,C,B,D,0,0.0,0.0,0.5333333333333333,0.4666666666666667,0,0,8,7,15,"Two alternatives for interconnecting a set of processors with bidirectional links are (1) the fully interconnected network, in which each processor is directly connected to every other processor, and (2) the ring network, in which each processor is connected to two other processors. The worst-case path length for a network is the maximum, over all pairs of nodes in the network, of the minimum length paths (measured in number of links) between the nodes. For each type of interconnection of n processors, a figure of merit can be formed as the product of the number of links required for the network times the worst-case path length connecting any two processors. The ratio of this figure of merit for the fully interconnected network compared to that of the ring network, for even n > 2, is"
q44,3,ministral-3:8b,C,A,D,0,0.0,0.0,0.8666666666666667,0.13333333333333333,0,0,13,2,15,"Two alternatives for interconnecting a set of processors with bidirectional links are (1) the fully interconnected network, in which each processor is directly connected to every other processor, and (2) the ring network, in which each processor is connected to two other processors. The worst-case path length for a network is the maximum, over all pairs of nodes in the network, of the minimum length paths (measured in number of links) between the nodes. For each type of interconnection of n processors, a figure of merit can be formed as the product of the number of links required for the network times the worst-case path length connecting any two processors. The ratio of this figure of merit for the fully interconnected network compared to that of the ring network, for even n > 2, is"
q45,0,ministral-3:8b,D,D,D,1,0.0,0.0,0.0,1.0,0,0,0,15,15,"For a connected, undirected graph G = (V, E), which of the following must be true?
I. Σ_{v∈V} degree(v) is even.
II. |E| ≥ |V| − 1
III. G has at least one vertex with degree 1."
q45,1,ministral-3:8b,C,C,D,1,0.0,0.0,0.5333333333333333,0.4666666666666667,0,0,8,7,15,"For a connected, undirected graph G = (V, E), which of the following must be true?
I. Σ_{v∈V} degree(v) is even.
II. |E| ≥ |V| − 1
III. G has at least one vertex with degree 1."
q45,2,ministral-3:8b,C,B,D,0,0.0,0.26666666666666666,0.7333333333333333,0.0,0,4,11,0,15,"For a connected, undirected graph G = (V, E), which of the following must be true?
I. Σ_{v∈V} degree(v) is even.
II. |E| ≥ |V| − 1
III. G has at least one vertex with degree 1."
q45,3,ministral-3:8b,B,A,D,0,0.2,0.8,0.0,0.0,3,12,0,0,15,"For a connected, undirected graph G = (V, E), which of the following must be true?
I. Σ_{v∈V} degree(v) is even.
II. |E| ≥ |V| − 1
III. G has at least one vertex with degree 1."
q46,0,ministral-3:8b,C,C,C,1,0.0,0.0,1.0,0.0,0,0,15,0,15,"In multiprogrammed systems it is advantageous if some programs such as editors and compilers can be shared by several users. Which of the following must be true of multiprogrammed systems in order that a single copy of a program can be shared by several users?
I. The program is a macro.
II. The program is recursive.
III. The program is reentrant."
q46,1,ministral-3:8b,B,B,C,1,0.0,1.0,0.0,0.0,0,15,0,0,15,"In multiprogrammed systems it is advantageous if some programs such as editors and compilers can be shared by several users. Which of the following must be true of multiprogrammed systems in order that a single copy of a program can be shared by several users?
I. The program is a macro.
II. The program is recursive.
III. The program is reentrant."
q46,2,ministral-3:8b,A,A,C,1,1.0,0.0,0.0,0.0,15,0,0,0,15,"In multiprogrammed systems it is advantageous if some programs such as editors and compilers can be shared by several users. Which of the following must be true of multiprogrammed systems in order that a single copy of a program can be shared by several users?
I. The program is a macro.
II. The program is recursive.
III. The program is reentrant."
q46,3,ministral-3:8b,D,D,C,1,0.0,0.0,0.0,1.0,0,0,0,15,15,"In multiprogrammed systems it is advantageous if some programs such as editors and compilers can be shared by several users. Which of the following must be true of multiprogrammed systems in order that a single copy of a program can be shared by several users?
I. The program is a macro.
II. The program is recursive.
III. The program is reentrant."
q47,0,ministral-3:8b,D,D,D,1,0.0,0.0,0.0,1.0,0,0,0,15,15,Which of the following decimal numbers has an exact representation in binary notation?
q47,1,ministral-3:8b,C,C,D,1,0.0,0.0,1.0,0.0,0,0,15,0,15,Which of the following decimal numbers has an exact representation in binary notation?
q47,2,ministral-3:8b,B,B,D,1,0.0,1.0,0.0,0.0,0,15,0,0,15,Which of the following decimal numbers has an exact representation in binary notation?
